competition_id,team_season,source_team_id,source_team_name,player_id,player_name,short_name,display_name,date_of_birth,age,place_of_birth,nationality,gender,height_m,preferred_foot,position_group,position,first_side_position,2024_club_id,market_value_before_euros,market_value_before_euros_date,market_value_after_euros,market_value_after_euros_date,contract_until,consultant_agency,truth_player_id,truth_player_name,truth_team_name,truth_team_id,match_score,match_rule
EURO,2024,3376,Italy,102017,Jorginho,Jorginho,Jorge Luiz Frello Filho,1991-12-20,32,Imbituba,,male,1.8,right,Midfielder,Defensive Midfield,Central Midfield,11,"€12,00M",2024-05-27,"€10,00M",2024-12-16,2028-06-30T00:00:00+02:00,Brezilya Agency,7024,Jorge Luiz Frello Filho,Italy,3376,1.000,exact
EURO,2024,3383,Austria,106987,Marcel Sabitzer,M. Sabitzer,,1994-03-17,30,Wels,,male,1.78,right,Midfielder,Central Midfield,Attacking Midfield,16,€20.00M,2024-05-29,€15.00M,2024-12-20,2027-06-30T00:00:00+02:00,ROGON,8518,Marcel Sabitzer,Austria,3383,1.000,exact
EURO,2024,3503,Slovakia,108416,Ivan Schranz,I. Schranz,,1993-09-13,30,Bratislava,,male,1.85,right,Striker,Right Winger,Centre-Forward,62,€2.00M,2024-06-05,€3.00M,2024-07-18,2027-12-31T00:00:00+01:00,AMG,28032,Ivan Schranz,Slovakia,3503,1.000,exact
EURO,2024,3468,Hungary,108669,Attila Fiola,A. Fiola,,1990-02-17,34,Szekszárd,,male,1.83,right,Defender,Right-Back,Centre-Back,11107,€400.00K,2024-05-23,€400.00K,2024-12-23,2026-06-30T00:00:00+02:00,,11268,Attila Fiola,Hungary,3468,1.000,exact
EURO,2024,3382,Belgium,108880,Koen Casteels,K. Casteels,,1992-06-25,31,Bonheiden,,male,1.97,left,Goalkeeper,Goalkeeper,,82,"€6,00M",2024-05-29,"€5,00M",2024-12-13,2027-06-30T00:00:00+02:00,,8240,Koen Casteels,Belgium,3382,1.000,exact
EURO,2024,3379,Netherlands,111196,Stefan de Vrij,S. de Vrij,,1992-02-05,32,Ouderkerk aan den IJssel,,male,1.89,right,Defender,Centre-Back,,46,"€7,00M",2024-06-05,"€7,00M",2024-12-18,2026-06-30T00:00:00+02:00,P&P Sport Management S.A.M.,7787,Stefan de Vrij,Netherlands,3379,1.000,exact
EURO,2024,3384,Switzerland,111455,Granit Xhaka,G. Xhaka,,1992-09-27,31,Basel,,male,1.86,left,Midfielder,Defensive Midfield,Central Midfield,15,"€20,00M",2024-05-29,"€17,00M",2024-12-20,2028-06-30T00:00:00+02:00,Signature - ISCM AG,3500,Granit Xhaka,Switzerland,3384,1.000,exact
EURO,2024,3381,Turkiye,119031,Kaan Ayhan,Kaan Ayhan,,1994-11-10,29,Gelsenkirchen,,male,1.85,right,Midfielder,Defensive Midfield,Centre-Back,141,€4.70M,2024-05-31,€4.80M,2024-10-04,2028-06-30T00:00:00+02:00,EMG Mundial Sports Media GmbH,12293,Kaan Ayhan,Turkey,3381,1.000,exact
EURO,2024,3262,Germany,119296,Emre Can,Emre Can,,1994-01-12,30,Frankfurt am Main,,male,1.86,right,Defender,Centre-Back,Defensive Midfield,16,€10.00M,2024-05-29,€7.00M,2024-12-20,2027-06-30T00:00:00+02:00,ISM International Soccer Management Holding GmbH & Co. KG,3493,Emre Can,Germany,3262,1.000,exact
EURO,2024,3383,Austria,120205,Michael Gregoritsch,M. Gregoritsch,,1994-04-18,30,Graz,,male,1.93,left,Striker,Centre-Forward,Second Striker,60,"€8,00M",2024-05-29,"€6,00M",2024-12-20,2026-06-30T00:00:00+02:00,YOU FIRST,8309,Michael Gregoritsch,Austria,3383,1.000,exact
EURO,2024,3380,Scotland,120977,Callum McGregor,C. McGregor,,1993-06-14,31,Glasgow,Callum William McGregor,male,1.78,left,Midfielder,Defensive Midfield,Central Midfield,371,€8.50M,2024-05-30,€7.50M,2024-12-03,2028-05-31T00:00:00+02:00,,10534,Callum McGregor,Scotland,3380,1.000,exact
EURO,2024,3380,Scotland,121385,Grant Hanley,G. Hanley,,1991-11-20,32,Dumfries,Grant Campbell Hanley,male,1.88,right,Defender,Centre-Back,,1123,€900.00K,2024-05-24,€700.00K,2024-12-30,2027-05-31T00:00:00+02:00,PLG,9481,Grant Campbell Hanley,Scotland,3380,1.000,exact
EURO,2024,3588,Slovenia,121483,Jan Oblak,Jan Oblak,,1993-01-07,31,Škofja Loka,,male,1.88,right,Goalkeeper,Goalkeeper,,13,"€28,00M",2024-06-07,"€25,00M",2024-12-27,2028-06-30T00:00:00+02:00,Miha Mlakar,6378,Jan Oblak,Slovenia,3588,1.000,exact
EURO,2024,3377,France,125781,Antoine Griezmann,A. Griezmann,,1991-03-21,33,Mâcon,Antoine Griezmann,male,1.76,left,Striker,Second Striker,Centre-Forward,13,€25.00M,2024-06-07,€22.00M,2024-12-27,2027-06-30T00:00:00+02:00,By and For Sport Management,5487,Antoine Griezmann,France,3377,1.000,exact
EURO,2024,3381,Turkiye,126414,Hakan Çalhanoğlu,H. Çalhanoğlu,,1994-02-08,30,Mannheim,Hakan Çalhanoğlu,male,1.78,right,Midfielder,Defensive Midfield,Central Midfield,46,"€45,00M",2024-06-05,"€40,00M",2024-12-18,2027-06-30T00:00:00+02:00,Unique Sports Group,7039,Hakan Çalhanoğlu,Turkey,3381,1.000,exact
EURO,2024,3383,Austria,127573,Phillipp Mwene,P. Mwene,,1994-01-29,30,Wien,,male,1.7,right,Defender,Left-Back,Right-Back,39,€1.80M,2024-05-29,€1.80M,2024-12-20,None,peak sportsconsulting GmbH,13315,Philipp Mwene,Austria,3383,0.963,fuzzy
EURO,2024,3375,Spain,128223,Álvaro Morata,Á. Morata,,1992-10-23,31,Madrid,Álvaro Borja Morata Martín,male,1.89,right,Striker,Centre-Forward,Left Winger,13,€16.00M,2024-06-07,€13.00M,2024-12-18,2026-06-30T00:00:00+02:00,Niagara Sports Company,3477,Álvaro Borja Morata Martín,Spain,3375,1.000,exact
EURO,2024,3299,England,130164,Jordan Pickford,J. Pickford,,1994-03-07,30,Washington,Jordan Lee Pickford,male,1.85,left,Goalkeeper,Goalkeeper,,29,€22.00M,2024-05-27,€20.00M,2024-12-16,2029-06-30T00:00:00+02:00,CAA Stellar,3468,Jordan Pickford,England,3299,1.000,exact
EURO,2024,3299,England,132098,Harry Kane,Harry Kane,,1993-07-28,30,London,Harry Edward Kane,male,1.88,right,Striker,Centre-Forward,Second Striker,27,€100.00M,2024-05-29,€90.00M,2024-12-20,2027-06-30T00:00:00+02:00,CK66 Limited,10955,Harry Kane,England,3299,1.000,exact
EURO,2024,3384,Switzerland,135343,Fabian Schär,F. Schär,,1991-12-20,32,Wil,Fabian Lukas Schär,male,1.86,right,Defender,Centre-Back,,762,€10.00M,2024-05-27,€9.00M,2024-12-16,2026-06-30T00:00:00+02:00,Sports360 GmbH,5537,Fabian Lukas Schär,Switzerland,3384,1.000,exact
EURO,2024,3375,Spain,138927,Daniel Carvajal,D. Carvajal,,1992-01-11,32,Leganés,Daniel Carvajal Ramos,male,1.73,right,Defender,Right-Back,,418,"€12,00M",2024-06-07,"€10,00M",2024-12-27,2026-06-30T00:00:00+02:00,Be Loyal by Ginés Carvajal,5721,Daniel Carvajal Ramos,Spain,3375,1.000,exact
EURO,2024,3379,Netherlands,139208,Virgil van Dijk,V. van Dijk,,1991-07-08,32,Breda,,male,1.95,right,Defender,Centre-Back,,31,"€30,00M",2024-05-27,"€28,00M",2024-12-16,2027-06-30T00:00:00+02:00,ROOF,3669,Virgil van Dijk,Netherlands,3379,1.000,exact
EURO,2024,3382,Belgium,140776,Yannick Carrasco,Y. Carrasco,,1993-09-04,30,Ixelles,Yannick Ferreira Carrasco,male,1.81,right,Striker,Left Winger,Left Midfield,9840,€14.00M,2024-06-04,€8.00M,2024-12-13,2027-06-30T00:00:00+02:00,Gol International,5633,Yannick Ferreira Carrasco,Belgium,3382,1.000,exact
EURO,2024,3300,Portugal,141050,Danilo Pereira,D. Pereira,,1991-09-09,32,Bissau,Danilo Luís Hélio Pereira,male,1.88,right,Defender,Centre-Back,Defensive Midfield,583,"€8,00M",2024-06-03,"€5,00M",2024-12-13,2027-06-30T00:00:00+02:00,Gestifute,13621,Danilo Luís Hélio Pereira,Portugal,3300,1.000,exact
EURO,2024,3300,Portugal,14132,Pepe,Pepe,Képler Laveran Lima Ferreira,1983-02-26,41,Maceió,,male,1.87,right,Defender,Centre-Back,Defensive Midfield,720,"€500,00K",2024-06-06,"€0,00",2024-08-08,None,Gestifute,20016,Kléper Laveran Lima Ferreira,Portugal,3300,0.964,fuzzy
EURO,2024,3382,Belgium,144028,Leandro Trossard,L. Trossard,,1994-12-04,29,Waterschei,,male,1.72,right,Striker,Left Winger,Second Striker,11,€35.00M,2024-05-27,€30.00M,2024-12-16,2027-06-30T00:00:00+02:00,Fokus - by DHSE and Cracksman,16559,Leandro Trossard,Belgium,3382,1.000,exact
EURO,2024,3384,Switzerland,148252,Remo Freuler,R. Freuler,,1992-04-15,32,Ennenda,Remo Marco Freuler,male,1.8,right,Midfielder,Central Midfield,Attacking Midfield,1025,"€6,50M",2024-06-05,"€6,50M",2024-12-18,2026-06-30T00:00:00+02:00,ESHA Sportmarketing GmbH,6983,Remo Freuler,Switzerland,3384,1.000,exact
EURO,2024,3447,Romania,148372,Nicolae Stanciu,N. Stanciu,,1993-05-07,31,Craiva,Nicolae Claudiu Stanciu,male,1.7,right,Midfielder,Attacking Midfield,Central Midfield,50532,"€4,50M",2024-06-04,"€4,00M",2024-12-13,2027-06-30T00:00:00+02:00,Impress Management Group,10916,Nicolae Claudiu Stanciu,Romania,3447,1.000,exact
EURO,2024,3468,Hungary,148810,Endre Botka,Endre Botka,,1994-08-25,29,Budapest,,male,1.78,right,Defender,Right-Back,Left-Back,279,€1.00M,2024-05-23,€800.00K,2024-12-23,2026-06-30T00:00:00+02:00,ANB Sport Agency Kft,31887,Endre Botka,Hungary,3468,1.000,exact
EURO,2024,3556,Croatia,156617,Marcelo Brozović,M. Brozović,,1992-11-16,31,Zagreb,,male,1.81,both,Midfielder,Defensive Midfield,Attacking Midfield,18544,"€16,00M",2024-06-04,"€12,00M",2024-12-13,2026-06-30T00:00:00+02:00,Epic Team,5469,Marcelo Brozović,Croatia,3556,1.000,exact
EURO,2024,3669,Georgia,156662,Giorgi Gvelesiani,G. Gvelesiani,,1991-05-05,33,Tiflis,გიორგი გველესიანი,male,1.93,right,Defender,Centre-Back,Defensive Midfield,6079,€400.00K,2024-06-05,€375.00K,2024-12-23,2026-06-30T00:00:00+02:00,Free Football,398886,Giorgi Gvelesiani,Georgia,3669,1.000,exact
EURO,2024,3669,Georgia,157391,Solomon Kvirkvelia,S. Kvirkvelia,,1992-02-06,32,Samtredia,სოლომონ კვირკველია,male,1.96,right,Defender,Centre-Back,,71665,€700.00K,2024-06-04,€500.00K,2024-09-25,2027-12-31T00:00:00+01:00,,16005,Solomon Kverkvelia,Georgia,3669,0.944,fuzzy
EURO,2024,3445,Czechia,157672,Vladimír Coufal,V. Coufal,,1992-08-22,31,Ostrava,,male,1.74,right,Defender,Right-Back,Right Midfield,379,€8.00M,2024-05-27,€7.00M,2024-12-16,2028-06-30T00:00:00+02:00,K2K Sports Entertainment Group s.r.o.,16570,Vladimír Coufal,Czech Republic,3445,1.000,exact
EURO,2024,3262,Germany,159088,Robert Andrich,R. Andrich,,1994-09-22,29,Potsdam,,male,1.87,right,Midfielder,Defensive Midfield,Central Midfield,15,€17.00M,2024-05-29,€15.00M,2024-12-20,2028-06-30T00:00:00+02:00,teamplayer Sportmanagement GbR,9195,Robert Andrich,Germany,3262,1.000,exact
EURO,2024,3561,Albania,159288,Arlind Ajeti,A. Ajeti,,1993-09-25,30,Basel,Arlind Afrim Ajeti,male,1.84,right,Defender,Centre-Back,Right-Back,7769,"€1,00M",2024-06-05,"€900,00K",2024-10-04,2027-06-30T00:00:00+02:00,FK Sport Management SRL,8291,Arlind Afrim Ajeti,Albania,3561,1.000,exact
EURO,2024,3375,Spain,15956,Jesús Navas,Jesús Navas,,1985-11-21,38,Los Palacios y Villafranca,Jesús Navas González,male,1.7,right,Midfielder,Right Midfield,Right-Back,368,"€2,50M",2024-06-07,"€2,50M",2024-12-27,None,Bahía Internacional,6821,Jesús Navas González,Spain,3375,1.000,exact
EURO,2024,3262,Germany,161056,Joshua Kimmich,J. Kimmich,,1995-02-08,29,Rottweil,Joshua Walter Kimmich,male,1.77,right,Midfielder,Defensive Midfield,Right-Back,27,€50.00M,2024-05-29,€50.00M,2024-12-20,2029-06-30T00:00:00+02:00,,5579,Joshua Kimmich,Germany,3262,1.000,exact
EURO,2024,3561,Albania,165513,Berat Djimsiti,B. Djimsiti,,1993-02-19,31,Zürich,Berat Ridvan Gjimshiti,male,1.9,right,Defender,Centre-Back,Right-Back,800,€10.00M,2024-06-05,€8.00M,2024-12-18,2026-06-30T00:00:00+02:00,LITCHI AG,7108,Berat Djimsiti,Albania,3561,1.000,exact
EURO,2024,3436,Denmark,167799,Pierre-Emile Højbjerg,P. Højbjerg,,1995-08-05,28,København,Pierre-Emile Kordt Højbjerg,male,1.85,right,Midfielder,Defensive Midfield,Central Midfield,148,"€18,00M",2024-05-27,"€20,00M",2024-10-07,2028-06-30T00:00:00+02:00,LP Sport Management S.r.l.,3570,Pierre-Emile Højbjerg,Denmark,3436,1.000,exact
EURO,2024,3379,Netherlands,167850,Memphis Depay,M. Depay,,1994-02-13,30,Moordrecht,,male,1.78,right,Striker,Second Striker,Centre-Forward,13,"€10,00M",2024-06-07,"€10,00M",2024-12-09,2026-07-31T00:00:00+02:00,TEAM DEPAY,2988,Memphis Depay,Netherlands,3379,1.000,exact
EURO,2024,3438,Serbia,168063,Filip Mladenovic,F. Mladenovic,,1991-08-15,32,Čačak,Филип Mлaдeнoвић,male,1.8,left,Defender,Left-Back,Left Midfield,265,€900.00K,2024-05-30,€800.00K,2024-12-18,2026-06-30T00:00:00+02:00,,7993,Filip Mladenović,Serbia,3438,1.000,exact
EURO,2024,3384,Switzerland,168989,Silvan Widmer,S. Widmer,,1993-03-05,31,Aarau,Silvan Dominic Widmer,male,1.83,right,Defender,Right-Back,Right Midfield,39,€3.00M,2024-05-29,€2.50M,2024-10-09,2026-06-30T00:00:00+02:00,CAA Base Ltd,7796,Silvan Widmer,Switzerland,3384,1.000,exact
EURO,2024,3436,Denmark,16911,Kasper Schmeichel,K. Schmeichel,,1986-11-05,37,Kopenhagen,Kasper Peter Schmeichel,male,1.89,right,Goalkeeper,Goalkeeper,,58,"€1,00M",2024-06-04,"€750,00K",2024-12-03,2026-06-30T00:00:00+02:00,P&P Sport Management S.A.M.,3815,Kasper Schmeichel,Denmark,3436,1.000,exact
EURO,2024,3376,Italy,169880,Giovanni Di Lorenzo,G. Di Lorenzo,,1993-08-04,30,Castelnuovo di Garfagnana,,male,1.83,right,Defender,Right-Back,Right Midfield,6195,€15.00M,2024-06-05,€15.00M,2024-12-18,2028-06-30T00:00:00+02:00,M.A.R.A.T. Football Management srl,11514,Giovanni Di Lorenzo,Italy,3376,1.000,exact
EURO,2024,3262,Germany,17259,Manuel Neuer,M. Neuer,,1986-03-27,38,Gelsenkirchen,Manuel Peter Neuer,male,1.93,right,Goalkeeper,Goalkeeper,,27,"€4,00M",2024-05-29,"€4,00M",2024-12-20,2026-06-30T00:00:00+02:00,PRO Profil GmbH,5570,Manuel Neuer,Germany,3262,1.000,exact
EURO,2024,3588,Slovenia,174522,Erik Janza,Erik Janza,,1993-06-21,30,Murska Sobota,Erik Janža,male,1.75,left,Defender,Left-Back,Left Midfield,428,"€600,00K",2024-06-07,"€600,00K",2024-12-09,2027-06-30T00:00:00+02:00,MSports PRO,28211,Erik Janža,Slovenia,3588,1.000,exact
EURO,2024,3375,Spain,176553,Aymeric Laporte,A. Laporte,,1994-05-27,30,Agen,Aymeric Jean Louis Gérard Alphonse Laporte,male,1.91,left,Defender,Centre-Back,,18544,"€20,00M",2024-06-04,"€18,00M",2024-12-13,2028-06-30T00:00:00+02:00,,4353,Aymeric Laporte,Spain,3375,1.000,exact
EURO,2024,3379,Netherlands,177476,Nathan Aké,Nathan Aké,,1995-02-18,29,Den Haag,Nathan Benjamin Aké,male,1.8,left,Defender,Centre-Back,Left-Back,281,€40.00M,2024-05-27,€35.00M,2024-12-16,2027-06-30T00:00:00+02:00,THE·TEAM,3306,Nathan Aké,Netherlands,3379,1.000,exact
EURO,2024,3588,Slovenia,179860,Andraz Sporar,A. Sporar,,1994-02-27,30,Ljubljana,Andraž Šporar,male,1.86,right,Striker,Centre-Forward,,265,"€4,00M",2024-05-30,"€3,50M",2024-09-26,2028-06-30T00:00:00+02:00,AR Sport Management,31866,Andraž Šporar,Slovenia,3588,1.000,exact
EURO,2024,3442,Poland,181136,Piotr Zieliński,P. Zieliński,,1994-05-20,30,Ząbkowice Śląskie,Piotr Sebastian Zieliński,male,1.8,both,Midfielder,Central Midfield,Attacking Midfield,6195,"€22,00M",2024-06-05,"€18,00M",2024-12-18,2028-06-30T00:00:00+02:00,BMG-SPORT,5660,Piotr Zieliński,Poland,3442,1.000,exact
EURO,2024,3588,Slovenia,181410,Jure Balkovec,J. Balkovec,,1994-09-09,29,Novo Mesto,,male,1.85,left,Defender,Left-Back,Centre-Back,11282,€1.20M,2024-05-31,€1.20M,2024-10-04,2027-05-31T00:00:00+02:00,Nussi Foundation,30940,Jure Balkovec,Slovenia,3588,1.000,exact
EURO,2024,3300,Portugal,182712,João Cancelo,J. Cancelo,,1994-05-27,30,Barreiro,João Pedro Cavaco Cancelo,male,1.82,right,Defender,Right-Back,Left-Back,131,"€25,00M",2024-06-07,"€18,00M",2024-12-13,2026-06-30T00:00:00+02:00,Gestifute,7005,João Pedro Cavaco Cancelo,Portugal,3300,1.000,exact
EURO,2024,3377,France,182906,Mike Maignan,M. Maignan,,1995-07-03,28,Cayenne,Mike Peterson Maignan,male,1.91,right,Goalkeeper,Goalkeeper,,5,"€38,00M",2024-06-05,"€35,00M",2024-12-18,2031-06-30T00:00:00+02:00,Excellence Sport Nation,3761,Mike Maignan,France,3377,1.000,exact
EURO,2024,3377,France,182913,Adrien Rabiot,A. Rabiot,,1995-04-03,29,Saint-Maurice,Adrien Rabiot-Provost,male,1.91,left,Midfielder,Central Midfield,Defensive Midfield,506,€35.00M,2024-06-05,€30.00M,2024-10-07,2028-06-30T00:00:00+02:00,Relatives,3026,Adrien Rabiot,France,3377,1.000,exact
EURO,2024,3299,England,183288,Luke Shaw,Luke Shaw,,1995-07-12,28,London,Luke Paul Hoare Shaw,male,1.78,left,Defender,Left-Back,Centre-Back,985,"€32,00M",2024-05-27,"€28,00M",2024-10-01,2027-06-30T00:00:00+02:00,CAA Stellar,3382,Luke Shaw,England,3299,1.000,exact
EURO,2024,3588,Slovenia,183841,Petar Stojanović,P. Stojanović,,1995-10-07,28,Ljubljana,,male,1.78,right,Midfielder,Right Midfield,Right-Back,1038,€1.30M,2024-06-03,€1.00M,2024-12-23,2028-06-30T00:00:00+02:00,AR Sport Management,16528,Petar Stojanović,Slovenia,3588,1.000,exact
EURO,2024,3299,England,186590,John Stones,John Stones,,1994-05-28,30,Barnsley,,male,1.88,right,Defender,Centre-Back,Right-Back,281,"€38,00M",2024-05-27,"€32,00M",2024-12-16,2026-06-30T00:00:00+02:00,THE·TEAM,3244,John Stones,England,3299,1.000,exact
EURO,2024,3380,Scotland,188077,Ryan Christie,R. Christie,,1995-02-22,29,Inverness,,male,1.78,left,Midfielder,Central Midfield,Defensive Midfield,989,€12.00M,2024-05-27,€12.00M,2024-12-16,2027-06-30T00:00:00+02:00,PLG,12510,Ryan Christie,Scotland,3380,1.000,exact
EURO,2024,3438,Serbia,190263,Predrag Rajković,P. Rajković,,1995-10-31,28,Negotin,Предраг Рајковић,male,1.91,right,Goalkeeper,Goalkeeper,,237,€10.00M,2024-06-07,€9.00M,2024-12-13,2028-06-30T00:00:00+02:00,ONEANDTEN,15731,Predrag Rajković,Serbia,3438,1.000,exact
EURO,2024,3262,Germany,192565,Leroy Sané,Leroy Sané,,1996-01-11,28,Essen,Leroy Aziz Sané,male,1.83,left,Striker,Right Winger,Left Winger,27,€70.00M,2024-05-29,€60.00M,2024-10-09,2028-06-30T00:00:00+02:00,Gol International,3053,Leroy Sané,Germany,3262,1.000,exact
EURO,2024,3503,Slovakia,192735,Stanislav Lobotka,S. Lobotka,,1994-11-25,29,Trenčín,,male,1.68,right,Midfielder,Defensive Midfield,Central Midfield,6195,"€28,00M",2024-06-05,"€28,00M",2024-12-18,2027-06-30T00:00:00+02:00,FairSport Agency,6798,Stanislav Lobotka,Slovakia,3503,1.000,exact
EURO,2024,3375,Spain,193082,Alejandro Grimaldo,A. Grimaldo,,1995-09-20,28,Valencia,Alejandro Grimaldo García,male,1.71,left,Defender,Left-Back,Left Midfield,15,"€45,00M",2024-05-29,"€40,00M",2024-12-20,2027-06-30T00:00:00+02:00,THE·TEAM,10336,Alejandro Grimaldo García,Spain,3375,1.000,exact
EURO,2024,3380,Scotland,193116,John McGinn,John McGinn,,1994-10-18,29,Glasgow,,male,1.78,left,Midfielder,Central Midfield,Left Midfield,405,€30.00M,2024-05-27,€23.00M,2024-12-16,2028-06-30T00:00:00+02:00,Essential Athlete Agency,9974,John McGinn,Scotland,3380,1.000,exact
EURO,2024,3383,Austria,195736,Florian Grillitsch,F. Grillitsch,,1995-08-07,28,Neunkirchen,,male,1.87,right,Midfielder,Defensive Midfield,Centre-Back,533,€6.50M,2024-05-29,€3.50M,2024-12-20,2027-06-30T00:00:00+02:00,YOU FIRST,11396,Florian Grillitsch,Austria,3383,1.000,exact
EURO,2024,3262,Germany,196357,Jonathan Tah,J. Tah,,1996-02-11,28,Hamburg,Jonathan Glao Tah,male,1.95,right,Defender,Centre-Back,,15,"€30,00M",2024-05-29,"€30,00M",2024-12-20,2029-06-30T00:00:00+02:00,Gol International,8221,Jonathan Tah,Germany,3262,1.000,exact
EURO,2024,3436,Denmark,196948,Andreas Christensen,A. Christensen,,1996-04-10,28,Lillerød,Andreas Bødtker Christensen,male,1.87,right,Defender,Centre-Back,Defensive Midfield,131,€40.00M,2024-06-07,€30.00M,2024-10-11,2026-06-30T00:00:00+02:00,,3959,Andreas Christensen,Denmark,3436,1.000,exact
EURO,2024,3376,Italy,198116,Federico Dimarco,F. Dimarco,,1997-11-10,26,Milano,,male,1.75,left,Defender,Left-Back,Left Midfield,46,€50.00M,2024-06-05,€60.00M,2024-12-18,2027-06-30T00:00:00+02:00,Roc Nation Sports,12255,Federico Dimarco,Italy,3376,1.000,exact
EURO,2024,3376,Italy,199248,Bryan Cristante,B. Cristante,,1995-03-03,29,San Vito al Tagliamento,,male,1.86,right,Midfielder,Defensive Midfield,Central Midfield,12,€20.00M,2024-06-05,€12.00M,2024-12-18,2027-06-30T00:00:00+02:00,GR Sports,6993,Bryan Cristante,Italy,3376,1.000,exact
EURO,2024,3381,Turkiye,199316,Abdülkerim Bardakcı,A. Bardakcı,,1994-09-07,29,Konya,,male,1.85,left,Defender,Centre-Back,Left-Back,141,€9.00M,2024-05-31,€7.50M,2024-10-04,2027-06-30T00:00:00+02:00,GPA Turkey,48383,Abdülkerim Bardakcı,Turkey,3381,1.000,exact
EURO,2024,3561,Albania,200056,Elseid Hysaj,E. Hysaj,,1994-02-02,30,Shkodër,Elseid Gëzim Hysaj,male,1.82,right,Defender,Right-Back,Left-Back,398,€2.50M,2024-06-05,€2.00M,2024-12-18,2026-06-30T00:00:00+02:00,M.A.R.A.T. Football Management srl,7031,Elseid Hysaj,Albania,3561,1.000,exact
EURO,2024,3447,Romania,200475,Florin Niță,Florin Niță,,1987-07-03,36,Bucharest,Florin Constantin Niță,male,1.84,right,Goalkeeper,Goalkeeper,,2832,€225.00K,2024-05-31,€200.00K,2024-12-13,None,,28242,Florin Constantin Niţă,Romania,3447,1.000,exact
EURO,2024,3380,Scotland,201574,Angus Gunn,Angus Gunn,,1996-01-22,28,Norwich,Angus Fraser James Gunn,male,1.96,right,Goalkeeper,Goalkeeper,,1123,€2.50M,2024-05-24,€2.50M,2024-12-30,2026-06-30T00:00:00+02:00,Triple S Sports and Entertainment Group Ltd,22379,Angus Gunn,Scotland,3380,1.000,exact
EURO,2024,3438,Serbia,202228,Milos Veljkovic,M. Veljkovic,,1995-09-26,28,Basel,Милош Вељковић,male,1.88,right,Defender,Centre-Back,,86,"€4,50M",2024-05-29,"€4,50M",2024-12-20,2028-06-30T00:00:00+02:00,LIAN Sports Group,6321,Milos Veljkovic,Serbia,3438,1.000,exact
EURO,2024,3699,Ukraine,203853,Oleksandr Zinchenko,O. Zinchenko,,1996-12-15,27,"Radomyshl, Zhytomyr Oblast",Зінченко Олександр Володимирович,male,1.75,left,Defender,Left-Back,Left Midfield,11,€38.00M,2024-05-27,€35.00M,2024-10-01,2026-06-30T00:00:00+02:00,Unique Football Agency,3575,Oleksandr Zinchenko,Ukraine,3699,1.000,exact
EURO,2024,3503,Slovakia,204069,Milan Škriniar,M. Škriniar,,1995-02-11,29,Žiar nad Hronom,Milan Škriniar,male,1.88,right,Defender,Centre-Back,,583,"€30,00M",2024-06-03,"€20,00M",2024-10-07,2029-06-30T00:00:00+02:00,Relatives,6990,Milan Škriniar,Slovakia,3503,1.000,exact
EURO,2024,3556,Croatia,205927,Dominik Livakovic,D. Livakovic,,1995-01-09,29,Zadar,Dominik Livaković,male,1.88,right,Goalkeeper,Goalkeeper,,36,€11.00M,2024-05-31,€11.00M,2024-10-04,2026-06-30T00:00:00+02:00,,16531,Dominik Livaković,Croatia,3556,1.000,exact
EURO,2024,3556,Croatia,205938,Mario Pašalić,M. Pašalić,,1995-02-09,29,Mainz,Mario Pašalić,male,1.88,right,Midfielder,Central Midfield,Attacking Midfield,800,"€13,00M",2024-06-05,"€13,00M",2024-12-18,2028-06-30T00:00:00+02:00,DWMA (Deal With My Agent),11603,Mario Pašalić,Croatia,3556,1.000,exact
EURO,2024,3438,Serbia,206843,Andrija Zivkovic,A. Zivkovic,,1996-07-11,27,Niš,Андрија Живковић,male,1.69,left,Striker,Right Winger,Left Winger,1091,€8.00M,2024-05-30,€8.00M,2024-12-18,2027-06-30T00:00:00+02:00,ZILE FOOTBALL MANAGEMENT LTD,6318,Andrija Živković,Serbia,3438,1.000,exact
EURO,2024,3447,Romania,213195,Nicușor Bancu,N. Bancu,,1992-09-18,31,Slatina,Nicușor Silviu Bancu,male,1.82,left,Defender,Left-Back,Left Midfield,40812,"€1,50M",2024-06-05,"€1,30M",2024-12-19,2028-06-30T00:00:00+02:00,Soccerdome Football Team Management,34600,Nicușor Silviu Bancu,Romania,3447,1.000,exact
EURO,2024,3669,Georgia,214250,Otar Kakabadze,O. Kakabadze,,1995-06-27,28,Tiflis,ოთარ კაკაბაძე,male,1.86,right,Defender,Right-Back,Right Midfield,5689,€600.00K,2024-06-07,€1.00M,2024-07-18,2027-06-30T00:00:00+02:00,FootballGoal.eu,25036,Otar Kakabadze,Georgia,3669,1.000,exact
EURO,2024,3445,Czechia,216278,Tomas Holes,Tomas Holes,,1993-03-31,31,Hradec Králové,Tomáš Holeš,male,1.8,right,Defender,Centre-Back,Defensive Midfield,62,€2.20M,2024-06-05,€2.20M,2024-12-20,2027-06-30T00:00:00+02:00,"SPORT INVEST International, a. s.",16469,Tomáš Holeš,Czech Republic,3445,1.000,exact
EURO,2024,3699,Ukraine,221958,Roman Yaremchuk,R. Yaremchuk,,1995-11-27,28,Lviv,Яремчук Роман Олегович,male,1.91,right,Striker,Centre-Forward,,1049,€3.50M,2024-06-07,€2.80M,2024-12-18,2026-06-30T00:00:00+02:00,Vision Foot,23649,Roman Yaremchuk,Ukraine,3699,1.000,exact
EURO,2024,3561,Albania,222209,Thomas Strakosha,T. Strakosha,,1995-03-19,29,Athens,"Thomas Fotaq Strakosha , Θωμάς Στρακόσια",male,1.93,right,Goalkeeper,Goalkeeper,,1148,€3.00M,2024-05-27,€2.50M,2024-09-26,2029-06-30T00:00:00+02:00,,7789,Thomas Strakosha,Albania,3561,1.000,exact
EURO,2024,3669,Georgia,222332,Lasha Dvali,Lasha Dvali,,1995-05-14,29,Tiflis,ლაშა დვალი,male,1.91,left,Defender,Centre-Back,,2784,€900.00K,2024-05-17,€1.50M,2024-07-18,2028-06-30T00:00:00+02:00,Bene-Sport,7655,Lasha Dvali,Georgia,3669,1.000,exact
EURO,2024,3383,Austria,223967,Konrad Laimer,K. Laimer,,1997-05-27,27,Salzburg,,male,1.8,right,Defender,Right-Back,Defensive Midfield,27,€30.00M,2024-05-29,€25.00M,2024-12-20,2027-06-30T00:00:00+02:00,ROOF,8506,Konrad Laimer,Austria,3383,1.000,exact
EURO,2024,3383,Austria,223972,Patrick Pentz,P. Pentz,,1997-01-02,27,Salzburg,,male,1.83,left,Goalkeeper,Goalkeeper,,206,"€3,00M",2024-06-10,"€3,00M",2024-12-09,2028-06-30T00:00:00+02:00,World in Motion,9731,Patrick Pentz,Austria,3383,1.000,exact
EURO,2024,3383,Austria,223974,Stefan Posch,S. Posch,,1997-05-14,27,Judenburg,,male,1.9,right,Defender,Centre-Back,Right-Back,1025,€14.00M,2024-06-05,€10.00M,2024-12-18,2026-06-30T00:00:00+02:00,ROOF,11821,Stefan Posch,Austria,3383,1.000,exact
EURO,2024,3377,France,225083,N'Golo Kanté,N. Kanté,,1991-03-29,33,Paris,,male,1.68,right,Midfielder,Defensive Midfield,Central Midfield,8023,"€9,00M",2024-06-04,"€7,00M",2024-12-13,2028-06-30T00:00:00+02:00,KDS Football Management,3961,N'Golo Kanté,France,3377,1.000,exact
EURO,2024,3300,Portugal,225161,Rúben Neves,Rúben Neves,,1997-03-13,27,Santa Maria da Feira,Rúben Diogo da Silva Neves,male,1.8,right,Midfielder,Defensive Midfield,Central Midfield,1114,"€32,00M",2024-06-04,"€28,00M",2024-12-13,2029-06-30T00:00:00+02:00,Gestifute,9927,Rúben Diogo Da Silva Neves,Portugal,3300,1.000,exact
EURO,2024,3383,Austria,225657,Philipp Lienhart,P. Lienhart,,1996-07-11,27,Lilienfeld,,male,1.89,right,Defender,Centre-Back,Defensive Midfield,60,"€15,00M",2024-05-29,"€15,00M",2024-12-20,None,YOU FIRST,8931,Philipp Lienhart,Austria,3383,1.000,exact
EURO,2024,3379,Netherlands,228645,Wout Weghorst,W. Weghorst,,1992-08-07,31,Borne,Wout François Maria Weghorst,male,1.97,right,Striker,Centre-Forward,,533,€6.00M,2024-05-29,€5.00M,2024-12-17,2026-06-30T00:00:00+02:00,One II Agency,7829,Wout Weghorst,Netherlands,3379,1.000,exact
EURO,2024,3300,Portugal,231572,Nélson Semedo,N. Semedo,,1993-11-16,30,Lisboa,Nélson Cabral Semedo,male,1.77,right,Defender,Right-Back,Right Midfield,543,"€12,00M",2024-05-27,"€10,00M",2024-12-16,2027-06-30T00:00:00+02:00,Gestifute,6374,Nélson Cabral Semedo,Portugal,3300,1.000,exact
EURO,2024,3503,Slovakia,232418,Ondrej Duda,Ondrej Duda,,1994-12-05,29,Snina,,male,1.8,right,Midfielder,Central Midfield,Attacking Midfield,276,€4.00M,2024-06-05,€4.00M,2024-12-18,2027-06-30T00:00:00+02:00,CAA Stellar,8967,Ondrej Duda,Slovakia,3503,1.000,exact
EURO,2024,3380,Scotland,234803,Andrew Robertson,A. Robertson,,1994-03-11,30,Glasgow,Andrew Henry Robertson,male,1.78,left,Defender,Left-Back,Left Midfield,31,"€30,00M",2024-05-27,"€25,00M",2024-12-16,2026-06-30T00:00:00+02:00,PLG,3655,Andrew Robertson,Scotland,3380,1.000,exact
EURO,2024,3384,Switzerland,237658,Michel Aebischer,M. Aebischer,,1997-01-06,27,Fribourg,,male,1.83,right,Midfielder,Central Midfield,Defensive Midfield,1025,€9.00M,2024-06-05,€11.00M,2024-07-18,2026-06-30T00:00:00+02:00,THE·TEAM,16016,Michel Aebischer,Switzerland,3384,1.000,exact
EURO,2024,3384,Switzerland,237662,Breel Embolo,B. Embolo,,1997-02-14,27,Yaoundé,Breel Donald Embolo,male,1.87,right,Striker,Centre-Forward,Right Winger,162,"€12,00M",2024-06-03,"€12,00M",2024-12-10,2029-06-30T00:00:00+02:00,,5545,Breel-Donald Embolo,Switzerland,3384,1.000,exact
EURO,2024,3442,Poland,239743,Przemyslaw Frankowski,P. Frankowski,,1995-04-12,29,Gdańsk,Przemysław Adam Frankowski,male,1.75,right,Defender,Right-Back,Right Midfield,826,€9.00M,2024-06-03,€8.00M,2024-12-10,2026-06-30T00:00:00+02:00,11-Football Players,7979,Przemysław Frankowski,Poland,3442,1.000,exact
EURO,2024,3503,Slovakia,239941,Lukas Haraslin,L. Haraslin,,1996-05-26,28,Bratislava,Lukáš Haraslín,male,1.82,right,Striker,Left Winger,Right Winger,197,€5.50M,2024-06-05,€6.00M,2024-09-27,None,"Central Sport Management, Ltd.",7975,Lukáš Haraslín,Slovakia,3503,1.000,exact
EURO,2024,3503,Slovakia,239962,Denis Vavro,Denis Vavro,,1996-04-10,28,Partizánske,,male,1.89,right,Defender,Centre-Back,,190,"€4,00M",2024-06-10,"€5,00M",2024-07-18,2027-06-30T00:00:00+02:00,K2K Sports Entertainment Group s.r.o.,16298,Denis Vavro,Slovakia,3503,1.000,exact
EURO,2024,3300,Portugal,240306,Bruno Fernandes,B. Fernandes,,1994-09-08,29,Maia,Bruno Miguel Borges Fernandes,male,1.79,right,Midfielder,Attacking Midfield,Central Midfield,985,€70.00M,2024-05-27,€65.00M,2024-10-01,2027-06-30T00:00:00+02:00,AS1,5204,Bruno Miguel Borges Fernandes,Portugal,3300,1.000,exact
EURO,2024,3300,Portugal,241641,Bernardo Silva,B. Silva,,1994-08-10,29,Lisboa,Bernardo Mota Veiga de Carvalho e Silva,male,1.73,left,Midfielder,Attacking Midfield,Right Winger,281,"€70,00M",2024-05-27,"€60,00M",2024-12-16,2026-06-30T00:00:00+02:00,Gestifute,3193,Bernardo Mota Veiga de Carvalho e Silva,Portugal,3300,1.000,exact
EURO,2024,3445,Czechia,242086,Patrik Schick,P. Schick,,1996-01-24,28,Praha,,male,1.91,left,Striker,Centre-Forward,Right Winger,15,€22.00M,2024-05-29,€22.00M,2024-12-20,2030-06-30T00:00:00+02:00,Soccertalk GmbH,7044,Patrik Schick,Czech Republic,3445,1.000,exact
EURO,2024,3445,Czechia,242089,Jindrich Stanek,J. Stanek,,1996-04-27,28,Strakonice,Jindřich Staněk,male,1.92,right,Goalkeeper,Goalkeeper,,62,€3.50M,2024-06-05,€2.50M,2024-09-27,2029-06-30T00:00:00+02:00,SPOCS Global Sports,28040,Jindřich Staněk,Czech Republic,3445,1.000,exact
EURO,2024,3442,Poland,243028,Jan Bednarek,J. Bednarek,,1996-04-12,28,Słupca,Jan Kacper Bednarek,male,1.89,right,Defender,Centre-Back,,180,€11.00M,2024-05-24,€11.00M,2024-12-16,2029-06-30T00:00:00+02:00,Fabryka Futbolu,4626,Jan Bednarek,Poland,3442,1.000,exact
EURO,2024,3381,Turkiye,244940,Salih Özcan,Salih Özcan,,1998-01-11,26,Köln,,male,1.83,right,Midfielder,Defensive Midfield,Central Midfield,16,€10.00M,2024-05-29,€7.00M,2024-12-20,2026-06-30T00:00:00+02:00,Fokus - by DHSE and Cracksman,9085,Salih Özcan,Turkey,3381,1.000,exact
EURO,2024,3588,Slovenia,245034,Jon Gorenc Stankovic,J. Gorenc Stankovic,,1996-01-14,28,Ljubljana,Jon Gorenc Stankovič,male,1.9,right,Midfielder,Defensive Midfield,Centre-Back,122,€4.50M,2024-05-21,€4.00M,2024-12-17,2027-06-30T00:00:00+02:00,Relatives,11416,Jon Gorenc Stankovič,Slovenia,3588,1.000,exact
EURO,2024,3438,Serbia,245056,Saša Lukić,Saša Lukić,,1996-08-13,27,Šabac,Саша Лукић,male,1.82,right,Midfielder,Central Midfield,Defensive Midfield,931,€10.00M,2024-05-27,€10.00M,2024-12-16,2027-06-30T00:00:00+02:00,AC Talent,6687,Saša Lukić,Serbia,3438,1.000,exact
EURO,2024,3442,Poland,248732,Paweł Dawidowicz,P. Dawidowicz,,1995-05-20,29,Olsztyn,,male,1.89,both,Defender,Centre-Back,Defensive Midfield,276,€3.00M,2024-06-05,€2.50M,2024-12-18,2026-06-30T00:00:00+02:00,no agent,30739,Paweł Dawidowicz,Poland,3442,1.000,exact
EURO,2024,3382,Belgium,249565,Youri Tielemans,Y. Tielemans,,1997-05-07,27,Sint-Pieters-Leeuw,,male,1.77,right,Midfielder,Central Midfield,Defensive Midfield,405,€25.00M,2024-05-27,€30.00M,2024-10-01,2028-06-30T00:00:00+02:00,Claes Agency,2954,Youri Tielemans,Belgium,3382,1.000,exact
EURO,2024,3381,Turkiye,251075,Zeki Çelik,Zeki Çelik,,1997-02-17,27,Bursa,Mehmet Zeki Çelik,male,1.8,right,Defender,Right-Back,Right Midfield,12,€6.00M,2024-06-05,€5.00M,2024-12-18,2026-06-30T00:00:00+02:00,F-F SPORT,10349,Mehmet Zeki Çelik,Turkey,3381,1.000,exact
EURO,2024,3384,Switzerland,254955,Kwadwo Duah,Kwadwo Duah,,1997-02-24,27,London,Kwadwo Antwi Duah,male,1.85,right,Striker,Centre-Forward,Right Winger,31614,€3.00M,2024-06-03,€3.50M,2024-09-10,2028-06-30T00:00:00+02:00,THE·TEAM,49007,Kwadwo Duah,Switzerland,3384,1.000,exact
EURO,2024,3561,Albania,254985,Taulant Seferi,T. Seferi,,1996-11-15,27,Kumanovo,Таулјант Сулејманов,male,1.86,right,Striker,Centre-Forward,Left Winger,4785,€3.50M,2024-06-03,€3.50M,2024-10-04,2027-06-30T00:00:00+02:00,PART of the GAME,29531,Taulant Sulejmanov,Albania,3561,1.000,exact
EURO,2024,3380,Scotland,255906,Scott McKenna,S. McKenna,,1996-11-12,27,Kirriemuir,Scott Fraser McKenna,male,1.89,left,Defender,Centre-Back,,190,"€9,00M",2024-06-10,"€6,00M",2024-12-27,2029-06-30T00:00:00+02:00,THE·TEAM,10002,Scott McKenna,Scotland,3380,1.000,exact
EURO,2024,3376,Italy,255942,Nicolò Barella,N. Barella,,1997-02-07,27,Cagliari,,male,1.75,right,Midfielder,Central Midfield,Defensive Midfield,46,€80.00M,2024-06-05,€80.00M,2024-12-18,2029-06-30T00:00:00+02:00,,8181,Nicolò Barella,Italy,3376,1.000,exact
EURO,2024,3556,Croatia,256358,Bruno Petkovic,B. Petkovic,,1994-09-16,29,Metkovic,Bruno Petković,male,1.93,right,Striker,Centre-Forward,,419,"€5,00M",2024-06-04,"€4,00M",2024-12-23,2027-06-30T00:00:00+02:00,Ivan Cvjetkovic,7693,Bruno Petković,Croatia,3556,1.000,exact
EURO,2024,3376,Italy,256448,Gianluca Mancini,G. Mancini,,1996-04-17,28,Pontedera,,male,1.9,right,Defender,Centre-Back,Defensive Midfield,12,"€25,00M",2024-06-05,"€18,00M",2024-12-18,2027-06-30T00:00:00+02:00,GR Sports,7004,Gianluca Mancini,Italy,3376,1.000,exact
EURO,2024,3300,Portugal,257455,João Palhinha,J. Palhinha,,1995-07-09,28,Lisboa,João Maria Lobo Alves Palhinha Gonçalves,male,1.9,right,Midfielder,Defensive Midfield,,931,"€55,00M",2024-05-27,"€50,00M",2024-10-09,2026-06-30T00:00:00+02:00,Gonçalo Palhinha,12169,João Maria Lobo Alves Palhinha Gonçalves,Portugal,3300,1.000,exact
EURO,2024,3438,Serbia,257462,Luka Jović,Luka Jović,,1997-12-23,26,Loznica,Лука Јовић,male,1.82,right,Striker,Centre-Forward,,5,"€7,00M",2024-06-05,"€5,00M",2024-10-18,2027-06-30T00:00:00+02:00,no agent,6319,Luka Jović,Serbia,3438,1.000,exact
EURO,2024,3300,Portugal,258004,Rúben Dias,Rúben Dias,,1997-05-14,27,Amadora,Rúben Santos Gato Alves Dias,male,1.87,right,Defender,Centre-Back,,281,€80.00M,2024-05-27,€75.00M,2024-12-16,2029-06-30T00:00:00+02:00,Gestifute,5206,Rúben Santos Gato Alves Dias,Portugal,3300,1.000,exact
EURO,2024,3436,Denmark,260827,Joachim Andersen,J. Andersen,,1996-05-31,28,Frederiksberg,Joachim Christian Andersen,male,1.92,right,Defender,Centre-Back,,873,"€35,00M",2024-05-27,"€32,00M",2024-12-16,2029-06-30T00:00:00+02:00,SEG - Sports Entertainment Group,8247,Joachim Andersen,Denmark,3436,1.000,exact
EURO,2024,3382,Belgium,262226,Timothy Castagne,T. Castagne,,1995-12-05,28,Arlon,,male,1.85,right,Defender,Right-Back,Right Midfield,931,"€17,00M",2024-05-27,"€15,00M",2024-12-16,2027-06-30T00:00:00+02:00,SENERGIES BV,6989,Timothy Castagne,Belgium,3382,1.000,exact
EURO,2024,3375,Spain,262396,Unai Simón,Unai Simón,,1997-06-11,27,Vitoria-Gasteiz,Unai Simón Mendibil,male,1.9,right,Goalkeeper,Goalkeeper,,621,"€30,00M",2024-06-07,"€28,00M",2024-12-27,2029-06-30T00:00:00+02:00,CAA Stellar,11748,Unai Simón Mendibil,Spain,3375,1.000,exact
EURO,2024,3375,Spain,262749,David Raya,David Raya,,1995-09-15,28,Barcelona,David Raya Martín,male,1.83,right,Goalkeeper,Goalkeeper,,11,€35.00M,2024-05-27,€40.00M,2024-12-16,2028-06-30T00:00:00+02:00,FUTBOL21 AGENCY,4127,David Raya Martin,Spain,3375,1.000,exact
EURO,2024,3383,Austria,263236,Kevin Danso,Kevin Danso,,1998-09-19,25,Voitsberg,,male,1.9,right,Defender,Centre-Back,,826,"€25,00M",2024-06-03,"€25,00M",2024-12-10,2030-06-30T00:00:00+02:00,HD Sports,11820,Kevin Danso,Austria,3383,1.000,exact
EURO,2024,3383,Austria,263361,Maximilian Wöber,M. Wöber,,1998-02-04,26,Wien,,male,1.88,left,Defender,Centre-Back,Left-Back,18,€10.00M,2024-05-29,€8.00M,2024-12-30,2026-06-30T00:00:00+02:00,Forza Sports Group,8068,Maximilian Wöber,Austria,3383,1.000,exact
EURO,2024,3468,Hungary,263380,Attila Szalai,A. Szalai,,1998-01-20,26,Budapest,Szalai Attila Árpád,male,1.92,left,Defender,Centre-Back,Left-Back,60,€4.00M,2024-05-29,€2.00M,2024-10-09,2026-06-30T00:00:00+02:00,THE·TEAM,46376,Attila Szalai,Hungary,3468,1.000,exact
EURO,2024,3438,Serbia,266302,Sergej Milinković-Savić,S. Milinković-Savić,,1995-02-27,29,Lleida,Сергеј Милинковић-Савић,male,1.92,right,Midfielder,Central Midfield,Attacking Midfield,1114,"€30,00M",2024-06-04,"€20,00M",2024-12-13,2028-06-30T00:00:00+02:00,Mateja Kezman,5589,Sergej Milinković-Savić,Serbia,3438,1.000,exact
EURO,2024,3442,Poland,267160,Adam Buksa,Adam Buksa,,1996-07-12,27,Kraków,,male,1.91,left,Striker,Centre-Forward,,589,€6.00M,2024-05-31,€6.00M,2024-12-09,2029-06-30T00:00:00+02:00,HCM Sports Management,7663,Adam Buksa,Poland,3442,1.000,exact
EURO,2024,3556,Croatia,27992,Luka Modrić,Luka Modrić,,1985-09-09,38,Zadar,,male,1.72,right,Midfielder,Central Midfield,Attacking Midfield,418,"€6,00M",2024-06-07,"€5,00M",2024-12-27,2026-06-30T00:00:00+02:00,,5463,Luka Modrić,Croatia,3556,1.000,exact
EURO,2024,3447,Romania,282076,Ianis Hagi,Ianis Hagi,,1998-10-22,25,Istanbul,,male,1.82,both,Midfielder,Attacking Midfield,Right Winger,1108,"€2,00M",2024-06-07,"€1,80M",2024-10-02,2027-06-30T00:00:00+02:00,Relatives,28565,Ianis Hagi,Romania,3447,1.000,exact
EURO,2024,3556,Croatia,282144,Marin Pongracic,M. Pongracic,,1997-09-11,26,Landshut,Marin Pongračić,male,1.93,right,Defender,Centre-Back,,1005,€7.00M,2024-06-05,€10.00M,2024-10-18,2029-06-30T00:00:00+02:00,LIAN Sports Group,8773,Marin Pongracic,Croatia,3556,1.000,exact
EURO,2024,3262,Germany,282660,Maximilian Mittelstädt,M. Mittelstädt,,1997-03-18,27,Berlin,,male,1.8,left,Defender,Left-Back,Left Midfield,79,€17.00M,2024-05-29,€20.00M,2024-12-20,2028-06-30T00:00:00+02:00,Sports360 GmbH,12407,Maximilian Mittelstädt,Germany,3262,1.000,exact
EURO,2024,3445,Czechia,283628,Tomáš Souček,T. Souček,,1995-02-27,29,Havlíčkův Brod,Tomáš Souček,male,1.92,right,Midfielder,Defensive Midfield,Central Midfield,379,"€30,00M",2024-05-27,"€24,00M",2024-12-16,2027-06-30T00:00:00+02:00,"International Sport Management, s.r.o.",4870,Tomáš Souček,Czech Republic,3445,1.000,exact
EURO,2024,3376,Italy,283735,Mattia Zaccagni,M. Zaccagni,,1995-06-16,28,Cesena,,male,1.77,right,Striker,Left Winger,Attacking Midfield,398,€20.00M,2024-06-05,€20.00M,2024-12-18,2029-06-30T00:00:00+02:00,M.A.R.A.T. Football Management srl,8792,Mattia Zaccagni,Italy,3376,1.000,exact
EURO,2024,3384,Switzerland,284730,Manuel Akanji,M. Akanji,,1995-07-19,28,Wiesendangen,Manuel Obafemi Akanji,male,1.88,right,Defender,Centre-Back,Right-Back,281,€45.00M,2024-05-27,€40.00M,2024-12-16,2026-06-30T00:00:00+02:00,THE·TEAM,5549,Manuel Obafemi Akanji,Switzerland,3384,1.000,exact
EURO,2024,3375,Spain,284857,Marc Cucurella,M. Cucurella,,1998-07-22,25,Alella,Marc Cucurella Saseta,male,1.73,left,Defender,Left-Back,Left Midfield,631,€25.00M,2024-05-27,€30.00M,2024-07-18,2028-06-30T00:00:00+02:00,Dupla Piqué & Domínguez,17620,Marc Cucurella Saseta,Spain,3375,1.000,exact
EURO,2024,3376,Italy,286297,Lorenzo Pellegrini,L. Pellegrini,,1996-06-19,27,Roma,,male,1.86,right,Midfielder,Attacking Midfield,Central Midfield,12,€25.00M,2024-06-05,€22.00M,2024-10-18,2026-06-30T00:00:00+02:00,GP Soccer and Management Srl,6963,Lorenzo Pellegrini,Italy,3376,1.000,exact
EURO,2024,3699,Ukraine,287792,Oleksandr Tymchyk,O. Tymchyk,,1997-01-20,27,"Kryklyvets, Vinnytsia Oblast",Тимчик Олександр Васильович,male,1.8,right,Defender,Right-Back,Right Midfield,338,€4.00M,2024-06-06,€5.00M,2024-12-17,2028-06-30T00:00:00+02:00,ProStar,45863,Oleksandr Tymchyk,Ukraine,3699,1.000,exact
EURO,2024,3377,France,288230,Ousmane Dembélé,O. Dembélé,,1997-05-15,27,Vernon,Masour Ousmane Dembélé,male,1.78,both,Striker,Centre-Forward,Right Winger,583,"€60,00M",2024-06-03,"€55,00M",2024-12-10,2028-06-30T00:00:00+02:00,Relatives,5477,Ousmane Dembélé,France,3377,1.000,exact
EURO,2024,3561,Albania,288597,Jasir Asani,Jasir Asani,,1995-05-19,29,Skopje,,male,1.75,left,Striker,Right Winger,Left Winger,30925,€1.00M,2024-06-07,€1.20M,2024-12-05,2027-06-30T00:00:00+02:00,Lukas Sport Management & Consulting,41186,Jasir Asani,Albania,3561,1.000,exact
EURO,2024,3699,Ukraine,289059,Mykola Matvienko,M. Matvienko,,1996-05-02,28,"Saky, AR Krym",Матвієнко Микола Олександрович,male,1.82,left,Defender,Centre-Back,Left-Back,660,€18.00M,2024-06-06,€18.00M,2024-12-17,2027-12-31T00:00:00+01:00,ProStar,18617,Mykola Matvienko,Ukraine,3699,1.000,exact
EURO,2024,3447,Romania,289308,Andrei Burcă,A. Burcă,,1993-04-15,31,Bacău,Andrei Andonie Burcă,male,1.88,right,Defender,Centre-Back,Defensive Midfield,71665,"€3,00M",2024-06-04,"€3,00M",2024-11-18,2026-12-31T00:00:00+01:00,no agent,31908,Andrei Burcă Andonie,Romania,3447,0.960,prefix
EURO,2024,3382,Belgium,289592,Orel Mangala,O. Mangala,,1998-03-18,26,Brussel,Orel Johnson Mangala,male,1.78,right,Midfielder,Defensive Midfield,Central Midfield,1041,"€20,00M",2024-06-03,"€20,00M",2024-12-16,2028-06-30T00:00:00+02:00,M-Soccermanagement,8950,Orel Mangala,Belgium,3382,1.000,exact
EURO,2024,3561,Albania,290552,Qazim Laci,Qazim Laci,,1996-01-19,28,Peshkopi,"Qazim Laçi, Καζίμ Λάτσι",male,1.73,right,Midfielder,Central Midfield,Defensive Midfield,197,"€2,50M",2024-06-05,"€3,50M",2024-09-27,2028-06-30T00:00:00+02:00,E.C.Dimitriadis s.r.o.,7531,Qazim Laçi,Albania,3561,1.000,exact
EURO,2024,3445,Czechia,292779,Lukas Provod,L. Provod,,1996-10-23,27,Plzeň,Lukáš Provod,male,1.89,left,Midfielder,Attacking Midfield,Left Winger,62,€3.00M,2024-06-05,€5.50M,2024-09-27,2029-06-30T00:00:00+02:00,TOP SPORT MANAGEMENT s.r.o.,28034,Lukáš Provod,Czech Republic,3445,1.000,exact
EURO,2024,3382,Belgium,292808,Wout Faes,Wout Faes,,1998-04-03,26,Mol,Wout Felix Lina Faes,male,1.87,right,Defender,Centre-Back,,1003,€20.00M,2024-05-24,€20.00M,2024-12-16,2026-06-30T00:00:00+02:00,Claes Agency,8854,Wout Faes,Belgium,3382,1.000,exact
EURO,2024,3375,Spain,293385,Dani Olmo,Dani Olmo,,1998-05-07,26,Terrassa,Daniel Olmo Carvajal,male,1.79,right,Midfielder,Attacking Midfield,Left Winger,23826,"€50,00M",2024-05-29,"€60,00M",2024-07-18,2030-06-30T00:00:00+02:00,Niagara Sports Company,16532,Daniel Olmo Carvajal,Spain,3375,1.000,exact
EURO,2024,3381,Turkiye,295024,Samet Akaydin,S. Akaydin,,1994-03-13,30,Trabzon,,male,1.9,right,Defender,Centre-Back,,265,€2.50M,2024-05-30,€2.20M,2024-10-04,2026-06-30T00:00:00+02:00,The Goal Management & Consulting,133305,Samet Akaydin,Turkey,3381,1.000,exact
EURO,2024,3447,Romania,295183,Răzvan Marin,R. Marin,,1996-05-23,28,Bucharest,Răzvan Gabriel Marin,male,1.78,right,Midfielder,Central Midfield,Defensive Midfield,749,"€2,70M",2024-06-05,"€3,50M",2024-07-18,2028-06-30T00:00:00+02:00,AC Talent,16344,Răzvan Gabriel Marin,Romania,3447,1.000,exact
EURO,2024,3380,Scotland,300716,Kieran Tierney,K. Tierney,,1997-06-05,27,Douglas,,male,1.8,left,Defender,Left-Back,Centre-Back,681,€12.00M,2024-06-07,€10.00M,2024-10-01,None,CAA Stellar,10540,Kieran Tierney,Scotland,3380,1.000,exact
EURO,2024,3561,Albania,308278,Rey Manaj,Rey Manaj,,1997-02-24,27,Lushnjë,Rei Aldo Manaj,male,1.82,right,Striker,Centre-Forward,,2381,"€5,00M",2024-05-31,"€5,00M",2024-10-04,2029-06-30T00:00:00+02:00,Niagara Sports Company,23987,Rey Manaj,Albania,3561,1.000,exact
EURO,2024,3588,Slovenia,309180,Jan Mlakar,Jan Mlakar,,1998-10-23,25,Ljubljana,,male,1.83,right,Striker,Centre-Forward,Left Winger,4172,€2.50M,2024-06-03,€2.20M,2024-12-23,2026-06-30T00:00:00+02:00,AR Sport Management,31089,Jan Mlakar,Slovenia,3588,1.000,exact
EURO,2024,3262,Germany,309400,Kai Havertz,Kai Havertz,,1999-06-11,25,Aachen,Kai Lukas Havertz,male,1.93,left,Striker,Centre-Forward,Attacking Midfield,11,"€70,00M",2024-05-27,"€75,00M",2024-10-01,2028-06-30T00:00:00+02:00,ROOF,8966,Kai Havertz,Germany,3262,1.000,exact
EURO,2024,3299,England,314353,Trent Alexander-Arnold,T. Alexander-Arnold,,1998-10-07,25,Liverpool,Trent John Alexander-Arnold,male,1.8,right,Defender,Right-Back,,31,"€70,00M",2024-05-27,"€75,00M",2024-12-16,2031-06-30T00:00:00+02:00,PLG,3664,Trent Alexander-Arnold,England,3299,1.000,exact
EURO,2024,3376,Italy,315853,Alessandro Bastoni,A. Bastoni,,1999-04-13,25,Casalmaggiore,,male,1.9,left,Defender,Centre-Back,,46,"€70,00M",2024-06-05,"€75,00M",2024-12-18,2028-06-30T00:00:00+02:00,TMP SOCCER srl,7480,Alessandro Bastoni,Italy,3376,1.000,exact
EURO,2024,3376,Italy,315858,Gianluigi Donnarumma,G. Donnarumma,,1999-02-25,25,Castellammare di Stabia,,male,1.96,right,Goalkeeper,Goalkeeper,,583,"€40,00M",2024-06-03,"€35,00M",2024-12-10,2030-06-30T00:00:00+02:00,Team Raiola,7036,Gianluigi Donnarumma,Italy,3376,1.000,exact
EURO,2024,3376,Italy,315867,Gianluca Scamacca,G. Scamacca,,1999-01-01,25,Roma,,male,1.95,right,Striker,Centre-Forward,,800,"€35,00M",2024-06-05,"€30,00M",2024-12-18,2027-06-30T00:00:00+02:00,CAA Stellar,10992,Gianluca Scamacca,Italy,3376,1.000,exact
EURO,2024,3380,Scotland,315969,Scott McTominay,S. McTominay,,1996-12-08,27,Lancaster,Scott Francis McTominay,male,1.91,right,Midfielder,Central Midfield,Attacking Midfield,985,"€32,00M",2024-05-27,"€40,00M",2024-12-18,2028-06-30T00:00:00+02:00,Murdock Sports Group,3620,Scott McTominay,Scotland,3380,1.000,exact
EURO,2024,3262,Germany,318204,David Raum,David Raum,,1998-04-22,26,Nürnberg,,male,1.81,left,Defender,Left-Back,Left Midfield,23826,"€20,00M",2024-05-29,"€25,00M",2024-10-09,2027-06-30T00:00:00+02:00,ROOF,12034,David Raum,Germany,3262,1.000,exact
EURO,2024,3377,France,318528,Marcus Thuram,M. Thuram,,1997-08-06,26,Parma,Marcus Lilian Thuram-Ulien,male,1.92,right,Striker,Centre-Forward,Left Winger,46,"€65,00M",2024-06-05,"€75,00M",2024-12-18,2028-06-30T00:00:00+02:00,Sport Cover,2972,Marcus Thuram,France,3377,1.000,exact
EURO,2024,3262,Germany,31909,Toni Kroos,Toni Kroos,,1990-01-04,34,Greifswald,,male,1.83,right,Midfielder,Central Midfield,Attacking Midfield,418,"€10,00M",2024-06-07,,,None,Sports360 GmbH,5574,Toni Kroos,Germany,3262,1.000,exact
EURO,2024,3442,Poland,320748,Sebastian Szymański,S. Szymański,,1999-05-10,25,Biała Podlaska,,male,1.74,left,Midfielder,Attacking Midfield,Central Midfield,36,"€19,00M",2024-05-31,"€19,00M",2024-10-04,2029-06-30T00:00:00+02:00,THE·TEAM,4664,Sebastian Szymański,Poland,3442,1.000,exact
EURO,2024,3588,Slovenia,320854,Timi Max Elsnik,T. Elsnik,,1998-04-29,26,Zlatoličje,Timi Max Elšnik,male,1.82,left,Midfielder,Central Midfield,Attacking Midfield,4772,"€1,50M",2024-05-24,"€2,00M",2024-07-18,2028-06-30T00:00:00+02:00,Niagara Sports Company,15896,Timi Elšnik,Slovenia,3588,0.940,token_subset
EURO,2024,3379,Netherlands,321528,Denzel Dumfries,D. Dumfries,,1996-04-18,28,Rotterdam,Denzel Justus Morris Dumfries,male,1.88,right,Defender,Right-Back,Right Midfield,46,"€24,00M",2024-06-05,"€20,00M",2024-10-18,2028-06-30T00:00:00+02:00,,8125,Denzel Dumfries,Netherlands,3379,1.000,exact
EURO,2024,3383,Austria,324278,Christoph Baumgartner,C. Baumgartner,,1999-08-01,24,Horn,,male,1.8,right,Midfielder,Attacking Midfield,Central Midfield,23826,"€18,00M",2024-05-29,"€18,00M",2024-12-20,2028-06-30T00:00:00+02:00,YOU FIRST,24977,Christoph Baumgartner,Austria,3383,1.000,exact
EURO,2024,3379,Netherlands,326029,Donyell Malen,D. Malen,,1999-01-19,25,Wieringen,,male,1.76,right,Striker,Centre-Forward,Right Winger,16,"€40,00M",2024-05-29,"€28,00M",2024-12-20,2026-06-30T00:00:00+02:00,THE·TEAM,15582,Donyell Malen,Netherlands,3379,1.000,exact
EURO,2024,3468,Hungary,328573,Barnabás Varga,B. Varga,,1994-10-25,29,Szombathely,,male,1.85,right,Striker,Centre-Forward,,279,€2.50M,2024-05-23,€2.50M,2024-12-23,2029-06-30T00:00:00+02:00,Center Sport,12921,Barnabás Varga,Hungary,3468,1.000,exact
EURO,2024,3442,Poland,330126,Karol Świderski,K. Świderski,,1997-01-23,27,Rawicz,,male,1.84,left,Striker,Centre-Forward,Second Striker,276,"€5,00M",2024-06-05,"€5,00M",2024-12-12,2028-06-30T00:00:00+02:00,UNIDOS,8836,Karol Świderski,Poland,3442,1.000,exact
EURO,2024,3468,Hungary,332798,Roland Sallai,R. Sallai,,1997-05-22,27,Budapest,,male,1.83,right,Defender,Right-Back,Right Winger,60,€15.00M,2024-05-29,€14.00M,2024-10-04,2028-06-30T00:00:00+02:00,THE·TEAM,19316,Roland Sallai,Hungary,3468,1.000,exact
EURO,2024,3445,Czechia,334802,Jan Kuchta,Jan Kuchta,,1997-01-08,27,Liberec,,male,1.85,right,Striker,Centre-Forward,Left Winger,197,€5.00M,2024-06-05,€4.00M,2024-12-09,None,SEG - Sports Entertainment Group,29484,Jan Kuchta,Czech Republic,3445,1.000,exact
EURO,2024,3381,Turkiye,336077,Altay Bayındır,A. Bayındır,,1998-04-14,26,Bursa,,male,1.98,right,Goalkeeper,Goalkeeper,,985,"€10,00M",2024-05-27,"€10,00M",2024-12-16,2027-06-30T00:00:00+02:00,SEFA SEYREK,30442,Altay Bayındır,Turkey,3381,1.000,exact
EURO,2024,3375,Spain,338424,Mikel Merino,M. Merino,,1996-06-22,27,Pamplona,Mikel Merino Zazón,male,1.89,left,Midfielder,Central Midfield,Centre-Forward,681,"€50,00M",2024-06-07,"€45,00M",2024-12-16,2028-06-30T00:00:00+02:00,Bahía Internacional,3042,Mikel Merino Zazón,Spain,3375,1.000,exact
EURO,2024,3377,France,339808,Theo Hernández,T. Hernández,,1997-10-06,26,Marseille,Theo Bernard François Hernández,male,1.84,left,Defender,Left-Back,Left Midfield,5,"€60,00M",2024-06-05,"€50,00M",2024-12-18,2028-06-30T00:00:00+02:00,Manuel García Quilón,6704,Theo Bernard François Hernández,France,3377,1.000,exact
EURO,2024,3381,Turkiye,340879,Merih Demiral,M. Demiral,,1998-03-05,26,Kocaeli,,male,1.9,right,Defender,Centre-Back,,18487,€16.00M,2024-06-04,€14.00M,2024-12-13,2029-06-30T00:00:00+02:00,DWMA (Deal With My Agent),23558,Merih Demiral,Turkey,3381,1.000,exact
EURO,2024,3300,Portugal,340950,Diogo Jota,Diogo Jota,Diogo José Teixeira da Silva,1996-12-04,27,Porto,,male,1.78,right,Striker,Left Winger,Centre-Forward,31,"€50,00M",2024-05-27,"€50,00M",2024-12-16,None,Gestifute,9929,Diogo José Teixeira da Silva,Portugal,3300,1.000,exact
EURO,2024,3447,Romania,340982,Florinel Coman,F. Coman,,1998-04-10,26,Brăila,Florinel Teodor Coman,male,1.82,right,Striker,Left Winger,Centre-Forward,301,"€7,00M",2024-06-05,"€6,00M",2024-12-10,2027-06-30T00:00:00+02:00,P&P Sport Management S.A.M.,34599,Florinel Teodor Coman,Romania,3447,1.000,exact
EURO,2024,3376,Italy,341092,Federico Chiesa,F. Chiesa,,1997-10-25,26,Genova,,male,1.75,right,Striker,Right Winger,Left Winger,506,"€35,00M",2024-06-05,"€30,00M",2024-10-01,2028-06-30T00:00:00+02:00,LIAN Sports Group,7156,Federico Chiesa,Italy,3376,1.000,exact
EURO,2024,3377,France,342229,Kylian Mbappé,K. Mbappé,,1998-12-20,25,Paris,Kylian Mbappé Lottin,male,1.8,right,Striker,Centre-Forward,Left Winger,583,"€180,00M",2024-06-03,"€160,00M",2024-12-27,2029-06-30T00:00:00+02:00,Relatives,3009,Kylian Mbappé Lottin,France,3377,1.000,exact
EURO,2024,3699,Ukraine,343537,Artem Dovbyk,A. Dovbyk,,1997-06-21,26,Cherkasy,Довбик Артем Олександрович,male,1.89,left,Striker,Centre-Forward,,12321,€35.00M,2024-06-07,€30.00M,2024-12-18,2029-06-30T00:00:00+02:00,ALIK FOOTBALL MANAGEMENT,25079,Artem Dovbyk,Ukraine,3699,1.000,exact
EURO,2024,3377,France,344695,Dayot Upamecano,D. Upamecano,,1998-10-27,25,Évreux,Dayotchanculle Oswald Upamecano,male,1.86,right,Defender,Centre-Back,,27,"€45,00M",2024-05-29,"€50,00M",2024-12-20,2030-06-30T00:00:00+02:00,,8519,Dayotchanculle Upamecano,France,3377,0.940,token_subset
EURO,2024,3669,Georgia,345189,Luka Lochoshvili,L. Lochoshvili,,1998-05-29,26,Tiflis,ლუკა ლოჩოშვილი,male,1.92,left,Defender,Centre-Back,Left-Back,2239,"€1,10M",2024-06-03,"€750,00K",2024-10-15,2029-06-30T00:00:00+02:00,FA PLAYERS AGENTS,48178,Luka Lochoshvili,Georgia,3669,1.000,exact
EURO,2024,3384,Switzerland,345886,Rubén Vargas,R. Vargas,,1998-08-05,25,Adligenswil,Rubén Estephan Vargas Martínez,male,1.79,right,Striker,Left Winger,Right Winger,167,€7.50M,2024-05-29,€9.00M,2024-07-18,2029-06-30T00:00:00+02:00,ROOF,30401,Ruben Vargas,Switzerland,3384,1.000,exact
EURO,2024,3445,Czechia,345911,Ladislav Krejčí,L. Krejčí,,1999-04-20,25,Rosice,Ladislav Krejčí,male,1.91,left,Defender,Centre-Back,Defensive Midfield,197,€10.00M,2024-06-05,€12.00M,2024-12-27,2026-06-30T00:00:00+02:00,SEG - Sports Entertainment Group,28272,Ladislav Krejčí,Czech Republic,3445,1.000,exact
EURO,2024,3380,Scotland,346779,Ché Adams,Ché Adams,,1996-07-13,27,Leicester,Ché Zach Everton Fred Adams,male,1.79,right,Striker,Centre-Forward,Left Winger,180,"€15,00M",2024-05-24,"€15,00M",2024-12-18,2027-06-30T00:00:00+02:00,THE·TEAM,9466,Che Adams,Scotland,3380,1.000,exact
EURO,2024,3383,Austria,346853,Romano Schmid,R. Schmid,,2000-01-27,24,Graz,,male,1.68,right,Midfielder,Attacking Midfield,Central Midfield,86,"€10,00M",2024-05-29,"€13,00M",2024-10-09,2027-06-30T00:00:00+02:00,,8784,Romano Schmid,Austria,3383,1.000,exact
EURO,2024,3379,Netherlands,347900,Jerdy Schouten,J. Schouten,,1997-01-12,27,Spijkenisse,Jerdy Hendrikus Gerardus Bernardus Schouten,male,1.85,right,Midfielder,Defensive Midfield,Centre-Back,383,€28.00M,2024-05-31,€35.00M,2024-10-14,2030-06-30T00:00:00+02:00,Key United,15503,Jerdy Schouten,Netherlands,3379,1.000,exact
EURO,2024,3375,Spain,350219,Fabián Ruiz,Fabián Ruiz,,1996-04-03,28,Los Palacios y Villafranca,Fabián Ruiz Peña,male,1.89,left,Midfielder,Central Midfield,Defensive Midfield,583,€30.00M,2024-06-03,€35.00M,2024-07-18,2027-06-30T00:00:00+02:00,YOU FIRST,6655,Fabián Ruiz Peña,Spain,3375,1.000,exact
EURO,2024,3375,Spain,351478,Mikel Oyarzabal,M. Oyarzabal,,1997-04-21,27,Eibar,Mikel Oyarzabal Ugarte,male,1.81,left,Striker,Centre-Forward,Left Winger,681,"€45,00M",2024-06-07,"€40,00M",2024-10-11,2028-06-30T00:00:00+02:00,,6685,Mikel Oyarzabal Ugarte,Spain,3375,1.000,exact
EURO,2024,3375,Spain,351809,Robin Le Normand,R. Le Normand,,1996-11-11,27,Pabu,,male,1.87,right,Defender,Centre-Back,,681,€40.00M,2024-06-07,€40.00M,2024-12-27,2029-06-30T00:00:00+02:00,AC Talent,22128,Robin Aime Robert Le Normand,Spain,3375,0.940,token_subset
EURO,2024,3669,Georgia,352596,Otar Kiteishvili,O. Kiteishvili,,1996-03-26,28,Rustavi,ოთარ კიტეიშვილი,male,1.73,both,Midfielder,Attacking Midfield,Left Midfield,122,€5.00M,2024-05-21,€5.00M,2024-12-17,2027-06-30T00:00:00+02:00,FA PLAYERS AGENTS,11335,Otar Kiteishvili,Georgia,3669,1.000,exact
EURO,2024,3381,Turkiye,353922,Mert Müldür,Mert Müldür,,1999-04-03,25,Wien,,male,1.84,right,Defender,Right-Back,Centre-Back,36,"€4,20M",2024-05-31,"€6,00M",2024-07-18,2027-06-30T00:00:00+02:00,SEG - Sports Entertainment Group,10826,Mert Müldür,Turkey,3381,1.000,exact
EURO,2024,3300,Portugal,357147,Diogo Dalot,Diogo Dalot,,1999-03-18,25,Braga,José Diogo Dalot Teixeira,male,1.83,right,Defender,Right-Back,Left-Back,985,"€35,00M",2024-05-27,"€40,00M",2024-10-01,2028-06-30T00:00:00+02:00,Proeleven S.A.,16028,José Diogo Dalot Teixeira,Portugal,3300,1.000,exact
EURO,2024,3300,Portugal,357153,Diogo Costa,Diogo Costa,,1999-09-19,24,Rothrist,Diogo Meireles da Costa,male,1.86,right,Goalkeeper,Goalkeeper,,720,"€40,00M",2024-06-06,"€45,00M",2024-07-18,2030-06-30T00:00:00+02:00,Gestifute,32975,Diogo Meireles Costa,Portugal,3300,0.940,token_subset
EURO,2024,3300,Portugal,357164,Rafael Leão,Rafael Leão,,1999-06-10,25,Almada,Rafael Alexandre da Conceição Leão,male,1.88,right,Striker,Left Winger,Centre-Forward,5,"€90,00M",2024-06-05,"€75,00M",2024-10-18,2028-06-30T00:00:00+02:00,Relatives,18360,Rafael Alexandre Conceição Leão,Portugal,3300,0.954,fuzzy
EURO,2024,3438,Serbia,357498,Dušan Vlahović,D. Vlahović,,2000-01-28,24,Belgrad,Душан Влаховић,male,1.9,left,Striker,Centre-Forward,,506,"€65,00M",2024-06-05,"€60,00M",2024-12-18,2026-06-30T00:00:00+02:00,INTERNATIONAL SPORTS OFFICE,18015,Dušan Vlahović,Serbia,3438,1.000,exact
EURO,2024,3375,Spain,357565,Rodri,Rodri,Rodrigo Hernández Cascante,1996-06-22,27,Madrid,,male,1.91,right,Midfielder,Defensive Midfield,Central Midfield,281,€120.00M,2024-05-27,€130.00M,2024-07-18,2027-06-30T00:00:00+02:00,Pablo Barquero,6765,Rodrigo Hernández Cascante,Spain,3375,1.000,exact
EURO,2024,3299,England,357662,Declan Rice,Declan Rice,,1999-01-14,25,London,,male,1.88,right,Midfielder,Central Midfield,Defensive Midfield,11,€120.00M,2024-05-27,€110.00M,2024-12-16,2028-06-30T00:00:00+02:00,Relatives,3943,Declan Rice,England,3299,1.000,exact
EURO,2024,3438,Serbia,36139,Dušan Tadić,Dušan Tadić,,1988-11-20,35,Bačka Topola,Душан Тадић,male,1.81,left,Striker,Right Winger,Left Winger,36,"€3,50M",2024-05-31,"€3,20M",2024-10-04,2026-06-30T00:00:00+02:00,ONEANDTEN,3831,Dušan Tadić,Serbia,3438,1.000,exact
EURO,2024,3556,Croatia,362977,Josip Juranovic,J. Juranovic,,1995-08-16,28,Zagreb,Josip Juranović,male,1.73,right,Defender,Right-Back,Right Midfield,89,€7.50M,2024-05-29,€6.00M,2024-12-20,None,SA33 Sports Group Limited,29163,Josip Juranović,Croatia,3556,1.000,exact
EURO,2024,3380,Scotland,363223,Jack Hendry,Jack Hendry,,1995-05-07,29,Glasgow,Jack William Hendry,male,1.92,right,Defender,Centre-Back,,7732,€3.00M,2024-06-04,€2.50M,2024-12-13,2026-06-30T00:00:00+02:00,StormSportsx,11116,Jack Hendry,Scotland,3380,1.000,exact
EURO,2024,3384,Switzerland,365108,Dan Ndoye,Dan Ndoye,,2000-10-25,23,Nyon,Dan Assane Ndoye,male,1.84,right,Striker,Right Winger,Right Midfield,1025,"€14,00M",2024-06-05,"€22,00M",2024-07-18,2030-06-30T00:00:00+02:00,Binary Sports Group,45190,Dan Ndoye,Switzerland,3384,1.000,exact
EURO,2024,3468,Hungary,368559,Ádám Nagy,Ádám Nagy,,1995-06-17,28,Budapest,,male,1.78,right,Midfielder,Defensive Midfield,Central Midfield,3522,€900.00K,2024-06-03,€900.00K,2024-12-23,2027-06-30T00:00:00+02:00,Careers Management Group,7162,Ádám Nagy,Hungary,3468,1.000,exact
EURO,2024,3699,Ukraine,368611,Mykola Shaparenko,M. Shaparenko,,1998-10-04,25,"Velyka Novosilka Rayon, Donetsk Oblast",Шапаренко Микола Володимирович,male,1.78,right,Midfielder,Central Midfield,Attacking Midfield,338,€9.00M,2024-06-06,€10.00M,2024-09-12,2030-12-31T00:00:00+01:00,ProStar,21294,Mykola Shaparenko,Ukraine,3699,1.000,exact
EURO,2024,3382,Belgium,368891,Arthur Theate,A. Theate,,2000-05-25,24,Liège,Arthur Nicolas Theate,male,1.85,left,Defender,Centre-Back,Left-Back,273,€20.00M,2024-06-03,€20.00M,2024-12-20,2029-06-30T00:00:00+02:00,DWMA (Deal With My Agent),43913,Arthur Theate,Belgium,3382,1.000,exact
EURO,2024,3381,Turkiye,369316,Ferdi Kadıoğlu,F. Kadıoğlu,,1999-10-07,24,Arnhem,Ferdi Erenay Kadıoğlu,male,1.74,right,Defender,Left-Back,Right-Back,36,"€21,00M",2024-05-31,"€30,00M",2024-07-18,2028-06-30T00:00:00+02:00,THE·TEAM,30438,Ferdi Erenay Kadıoğlu,Turkey,3381,1.000,exact
EURO,2024,3436,Denmark,369674,Joakim Maehle,J. Maehle,,1997-05-20,27,Østervrå,Joakim Mæhle Pedersen,male,1.85,right,Defender,Left-Back,Right-Back,82,"€14,00M",2024-05-29,"€14,00M",2024-12-20,2027-06-30T00:00:00+02:00,Boutique Transfers and Management ApS,16554,Joakim Mæhle,Denmark,3436,1.000,exact
EURO,2024,3556,Croatia,371001,Josip Sutalo,J. Sutalo,,2000-02-28,24,Čapljina,Josip Šutalo,male,1.9,right,Defender,Centre-Back,,610,€15.00M,2024-05-31,€17.00M,2024-10-14,2028-06-30T00:00:00+02:00,LIAN Sports Group,37148,Josip Šutalo,Croatia,3556,1.000,exact
EURO,2024,3588,Slovenia,371851,Jaka Bijol,Jaka Bijol,,1999-02-05,25,Vuzenica,,male,1.9,right,Defender,Centre-Back,Defensive Midfield,410,€10.00M,2024-06-05,€15.00M,2024-07-18,2030-06-30T00:00:00+02:00,SEG - Sports Entertainment Group,16047,Jaka Bijol,Slovenia,3588,1.000,exact
EURO,2024,3588,Slovenia,371856,Vanja Drkusic,V. Drkusic,,1999-10-30,24,Novo mesto,Vanja Drkušić,male,1.86,right,Defender,Centre-Back,Defensive Midfield,41231,€2.80M,2024-06-04,€3.50M,2024-07-18,2029-06-30T00:00:00+02:00,KALA Stars Management,205932,Vanja Drkušić,Slovenia,3588,1.000,exact
EURO,2024,3447,Romania,379163,Marius Marin,M. Marin,,1998-08-30,25,Timişoara,Marius Mihai Marin,male,1.8,right,Midfielder,Defensive Midfield,Central Midfield,4172,€1.60M,2024-06-03,€2.00M,2024-10-15,2026-06-30T00:00:00+02:00,Impress Management Group,30913,Marius Mihai Marin,Romania,3447,1.000,exact
EURO,2024,3442,Poland,382429,Bartosz Slisz,B. Slisz,,1999-03-29,25,Rybnik,Bartosz Piotr Slisz,male,1.79,right,Midfielder,Defensive Midfield,Central Midfield,51663,€5.00M,2024-06-10,€5.00M,2024-12-12,2029-06-30T00:00:00+02:00,FairSport Agency,15859,Bartosz Slisz,Poland,3442,1.000,exact
EURO,2024,3381,Turkiye,382528,Kerem Aktürkoğlu,K. Aktürkoğlu,,1998-10-21,25,Kocaeli,Muhammed Kerem Aktürkoğlu,male,1.73,right,Striker,Left Winger,Right Winger,141,€15.00M,2024-05-31,€18.00M,2024-10-08,2029-06-30T00:00:00+02:00,DWMA (Deal With My Agent),49689,Muhammed Kerem Aktürkoğlu,Turkey,3381,1.000,exact
EURO,2024,3442,Poland,38253,Robert Lewandowski,R. Lewandowski,,1988-08-21,35,Warszawa,,male,1.86,right,Striker,Centre-Forward,,131,"€15,00M",2024-06-07,"€15,00M",2024-12-27,2026-06-30T00:00:00+02:00,Gol International,5668,Robert Lewandowski,Poland,3442,1.000,exact
EURO,2024,3442,Poland,384461,Jakub Moder,Jakub Moder,,1999-04-07,25,Szczecinek,Jakub Piotr Moder,male,1.91,right,Midfielder,Central Midfield,Defensive Midfield,1237,€10.00M,2024-05-27,€10.00M,2024-12-16,2028-06-30T00:00:00+02:00,CAA Base Ltd,29480,Jakub Moder,Poland,3442,1.000,exact
EURO,2024,3556,Croatia,387106,Lovro Majer,Lovro Majer,,1998-01-17,26,Zagreb,,male,1.78,left,Midfielder,Attacking Midfield,Central Midfield,82,€20.00M,2024-05-29,€20.00M,2024-12-20,2028-06-30T00:00:00+02:00,Niagara Sports Company,28914,Lovro Majer,Croatia,3556,1.000,exact
EURO,2024,3380,Scotland,388171,Anthony Ralston,A. Ralston,,1998-11-16,25,Glasgow,Anthony Ralston,male,1.78,right,Defender,Right-Back,Right Midfield,371,€1.80M,2024-05-30,€2.00M,2024-12-03,2027-05-31T00:00:00+02:00,,22308,Anthony Ralston,Scotland,3380,1.000,exact
EURO,2024,3262,Germany,388198,Nico Schlotterbeck,N. Schlotterbeck,,1999-12-01,24,Waiblingen,Nico Cedric Schlotterbeck,male,1.91,left,Defender,Centre-Back,Left-Back,16,"€40,00M",2024-05-29,"€40,00M",2024-12-20,2031-06-30T00:00:00+02:00,"""to be"" sportsmanagement GmbH",24118,Nico Schlotterbeck,Germany,3262,1.000,exact
EURO,2024,3561,Albania,390177,Nedim Bajrami,N. Bajrami,,1999-02-28,25,Zürich,,male,1.79,right,Midfielder,Attacking Midfield,Central Midfield,6574,"€4,50M",2024-06-05,"€4,50M",2024-12-03,2028-05-31T00:00:00+02:00,LIAN Sports Group,32030,Nedim Bajrami,Albania,3561,1.000,exact
EURO,2024,3436,Denmark,391004,Jonas Wind,Jonas Wind,,1999-02-07,25,Hvidovre,Jonas Older Wind,male,1.9,right,Striker,Centre-Forward,Second Striker,82,"€20,00M",2024-05-29,"€15,00M",2024-10-09,2026-06-30T00:00:00+02:00,ROOF,21261,Jonas Older Wind,Denmark,3436,1.000,exact
EURO,2024,3299,England,392757,Marc Guéhi,Marc Guéhi,,2000-07-13,23,Abidjan,Addji Keaninkin Marc-Israel Guéhi,male,1.82,right,Defender,Centre-Back,,873,€38.00M,2024-05-27,€45.00M,2024-10-01,2031-06-30T00:00:00+02:00,Unique Sports Group,34526,Marc Guehi,England,3299,1.000,exact
EURO,2024,3376,Italy,394300,Davide Frattesi,D. Frattesi,,1999-09-22,24,Roma,,male,1.78,right,Midfielder,Central Midfield,Attacking Midfield,46,"€35,00M",2024-06-05,"€32,00M",2024-12-18,2028-06-30T00:00:00+02:00,GR Sports,30926,Davide Frattesi,Italy,3376,1.000,exact
EURO,2024,3447,Romania,397486,Dennis Man,Dennis Man,,1998-08-26,25,Vladimirescu,,male,1.83,left,Striker,Right Winger,Second Striker,130,€9.00M,2024-06-03,€10.00M,2024-07-18,2029-06-30T00:00:00+02:00,GR Sports,56905,Dennis Man,Romania,3447,1.000,exact
EURO,2024,3375,Spain,398184,Ferran Torres,F. Torres,,2000-02-29,24,Foios,Ferran Torres García,male,1.82,right,Striker,Centre-Forward,Left Winger,131,"€30,00M",2024-06-07,"€28,00M",2024-12-27,2027-06-30T00:00:00+02:00,LEADERBROCK sports,6748,Ferrán Torres García,Spain,3375,1.000,exact
EURO,2024,3588,Slovenia,401394,Adam Gnezda Cerin,A. Gnezda Cerin,,1999-07-16,24,Postojna,Adam Gnezda Čerin,male,1.8,right,Midfielder,Central Midfield,Defensive Midfield,265,€3.50M,2024-05-30,€4.50M,2024-09-26,2028-06-30T00:00:00+02:00,SEG - Sports Entertainment Group,31968,Adam Gnezda Čerin,Slovenia,3588,1.000,exact
EURO,2024,3503,Slovakia,404418,Dávid Hancko,D. Hancko,,1997-12-13,26,Prievidza,,male,1.88,left,Defender,Centre-Back,Left-Back,234,€35.00M,2024-05-31,€35.00M,2024-12-17,2030-06-30T00:00:00+02:00,FairSport Agency,16879,Dávid Hancko,Slovakia,3503,1.000,exact
EURO,2024,3699,Ukraine,404839,Andriy Lunin,A. Lunin,,1999-02-11,25,"Krasnograd, Kharkiv Oblast",Лунін Андрій Олексійович,male,1.91,right,Goalkeeper,Goalkeeper,,418,€25.00M,2024-06-07,€20.00M,2024-12-27,2030-06-30T00:00:00+02:00,Gestifute,21390,Andriy Lunin,Ukraine,3699,1.000,exact
EURO,2024,3383,Austria,404950,Nicolas Seiwald,N. Seiwald,,2001-05-04,23,Kuchl,,male,1.8,right,Midfielder,Defensive Midfield,Central Midfield,23826,€16.00M,2024-05-29,€16.00M,2024-12-20,2028-06-30T00:00:00+02:00,YOU FIRST,39460,Nicolas Seiwald,Austria,3383,1.000,exact
EURO,2024,3447,Romania,405399,Denis Drăguș,D. Drăguș,,1999-07-06,24,Bucharest,Denis Mihai Drăguș,male,1.85,right,Striker,Centre-Forward,Left Winger,2832,€4.00M,2024-05-31,€4.00M,2024-10-04,2026-06-30T00:00:00+02:00,M-Soccermanagement,31193,Denis Mihai Drăguş,Romania,3447,1.000,exact
EURO,2024,3669,Georgia,405564,Giorgi Kochorashvili,G. Kochorashvili,,1999-06-29,24,Tiflis,გიორგი ქოჩორაშვილი,male,1.78,right,Midfielder,Central Midfield,,3368,€1.00M,2024-06-10,€2.50M,2024-07-18,2030-06-30T00:00:00+02:00,ABADSPORT,41202,Giorgi Kochorashvili,Georgia,3669,1.000,exact
EURO,2024,3445,Czechia,405855,Mojmír Chytil,M. Chytil,,1999-04-29,25,Skalka,,male,1.87,right,Striker,Centre-Forward,Second Striker,62,€6.50M,2024-06-05,€6.00M,2024-12-20,2027-06-30T00:00:00+02:00,"International Sport Management, s.r.o.",32985,Mojmír Chytil,Czech Republic,3445,1.000,exact
EURO,2024,3299,England,406635,Phil Foden,Phil Foden,,2000-05-28,24,Stockport,Philip Walter Foden,male,1.71,left,Midfielder,Attacking Midfield,Left Winger,281,€150.00M,2024-05-27,€140.00M,2024-12-16,2027-06-30T00:00:00+02:00,,4354,Phil Foden,England,3299,1.000,exact
EURO,2024,3379,Netherlands,408574,Joey Veerman,J. Veerman,,1998-11-19,25,Purmerend,,male,1.85,right,Midfielder,Central Midfield,Attacking Midfield,383,"€40,00M",2024-05-31,"€35,00M",2024-10-14,2028-06-30T00:00:00+02:00,Muy Manero,21633,Joey Veerman,Netherlands,3379,1.000,exact
EURO,2024,3377,France,411975,Jules Koundé,J. Koundé,,1998-11-12,25,Paris,Jules Olivier Koundé,male,1.8,right,Defender,Right-Back,Centre-Back,131,"€45,00M",2024-06-07,"€55,00M",2024-10-11,2030-06-30T00:00:00+02:00,Excellence Sport Nation,4445,Jules Koundé,France,3377,1.000,exact
EURO,2024,3669,Georgia,412616,Giorgi Chakvetadze,G. Chakvetadze,,1999-08-29,24,Tiflis,გიორგი ჩაკვეტაძე,male,1.83,right,Midfielder,Attacking Midfield,Left Winger,1010,€2.50M,2024-05-24,€4.00M,2024-12-30,2029-06-30T00:00:00+02:00,Vision Foot,23646,Giorgi Chakvetadze,Georgia,3669,1.000,exact
EURO,2024,3377,France,413112,Aurélien Tchouaméni,A. Tchouaméni,,2000-01-27,24,Rouen,Aurélien Djani Tchouaméni,male,1.88,right,Midfielder,Defensive Midfield,Central Midfield,418,"€100,00M",2024-06-07,"€80,00M",2024-12-27,2028-06-30T00:00:00+02:00,Excellence Sport Nation,10481,Aurélien Djani Tchouaméni,France,3377,1.000,exact
EURO,2024,3299,England,413403,Ezri Konsa,Ezri Konsa,,1997-10-23,26,London,Ezri Konsa Ngoyo,male,1.83,right,Defender,Centre-Back,Right-Back,405,€35.00M,2024-05-27,€35.00M,2024-12-16,2028-06-30T00:00:00+02:00,CAA Stellar,3822,Ezri Konsa Ngoyo,England,3299,1.000,exact
EURO,2024,3438,Serbia,413507,Nikola Milenković,N. Milenković,,1997-10-12,26,Belgrade,Никола Миленковић,male,1.95,right,Defender,Centre-Back,Right-Back,430,€15.00M,2024-06-05,€18.00M,2024-10-01,2029-06-30T00:00:00+02:00,LIAN Sports Group,5603,Nikola Milenković,Serbia,3438,1.000,exact
EURO,2024,3383,Austria,41384,Marko Arnautovic,M. Arnautovic,,1989-04-19,35,Wien,Marko Arnautović,male,1.92,both,Striker,Centre-Forward,Right Winger,46,"€4,00M",2024-06-05,"€3,50M",2024-12-18,2027-06-30T00:00:00+02:00,Arna Sports Management GmbH,3325,Marko Arnautović,Austria,3383,1.000,exact
EURO,2024,3669,Georgia,419067,Giorgi Tsitaishvili,G. Tsitaishvili,,2000-11-18,23,Rishon LeZion,გიორგი წიტაიშვილი,male,1.71,left,Striker,Left Winger,Right Winger,11344,"€800,00K",2024-05-22,"€1,00M",2024-10-14,2026-06-30T00:00:00+02:00,Jugeli Sports,22242,Heorhii Tsitaishvili,Georgia,3669,1.000,exact
EURO,2024,3379,Netherlands,420210,Lutsharel Geertruida,L. Geertruida,,2000-07-18,23,Rotterdam,Lutsharel Emiliano Geertruida,male,1.84,right,Defender,Right-Back,Centre-Back,234,€32.00M,2024-05-31,€32.00M,2024-12-20,2026-06-30T00:00:00+02:00,THE·TEAM,22352,Lutsharel Geertruida,Netherlands,3379,1.000,exact
EURO,2024,3384,Switzerland,42205,Yann Sommer,Yann Sommer,,1988-12-17,35,Morges,,male,1.83,right,Goalkeeper,Goalkeeper,,46,"€5,00M",2024-06-05,"€4,00M",2024-12-18,2026-06-30T00:00:00+02:00,Relatives,5550,Yann Sommer,Switzerland,3384,1.000,exact
EURO,2024,3375,Spain,423440,Martín Zubimendi,M. Zubimendi,,1999-02-02,25,Donostia-San Sebastián,Martín Zubimendi Ibáñez,male,1.81,right,Midfielder,Defensive Midfield,Central Midfield,681,€50.00M,2024-06-07,€60.00M,2024-10-11,2030-06-30T00:00:00+02:00,IDUB GLOBAL,24921,Martín Zubimendi Ibáñez,Spain,3375,1.000,exact
EURO,2024,3380,Scotland,423744,Billy Gilmour,B. Gilmour,,2001-06-11,23,Irvine,Billy Clifford Gilmour,male,1.7,right,Midfielder,Defensive Midfield,Central Midfield,1237,€18.00M,2024-05-27,€16.00M,2024-12-18,2029-06-30T00:00:00+02:00,CAA Stellar,31067,Billy Gilmour,Scotland,3380,1.000,exact
EURO,2024,3556,Croatia,42460,Ivan Perišić,I. Perišić,,1989-02-02,35,Split,,male,1.86,both,Striker,Left Winger,Left Midfield,447,€2.00M,2024-06-04,€1.50M,2024-12-17,2027-06-30T00:00:00+02:00,,5474,Ivan Perišić,Croatia,3556,1.000,exact
EURO,2024,3442,Poland,425918,Jakub Kiwior,J. Kiwior,,2000-02-15,24,Tychy,Jakub Piotr Kiwior,male,1.89,left,Defender,Centre-Back,Left-Back,11,"€30,00M",2024-05-27,"€28,00M",2024-12-16,2026-06-30T00:00:00+02:00,FairSport Agency,44166,Jakub Piotr Kiwior,Poland,3442,1.000,exact
EURO,2024,3669,Georgia,427572,Zuriko Davitashvili,Z. Davitashvili,,2001-02-15,23,Tiflis,ზურიკო დავითაშვილი,male,1.75,right,Striker,Left Winger,Right Winger,40,"€3,00M",2024-06-07,"€5,00M",2024-10-07,2028-06-30T00:00:00+02:00,Jugeli Sports,44183,Zuriko Davitashvili,Georgia,3669,1.000,exact
EURO,2024,3376,Italy,432090,Nicolò Fagioli,N. Fagioli,,2001-02-12,23,Piacenza,,male,1.78,right,Midfielder,Central Midfield,Attacking Midfield,506,€15.00M,2024-06-05,€20.00M,2024-07-18,2028-06-30T00:00:00+02:00,,38909,Nicolò Fagioli,Italy,3376,1.000,exact
EURO,2024,3468,Hungary,432281,Márton Dárdai,M. Dárdai,,2002-02-12,22,Berlin,,male,1.88,left,Defender,Centre-Back,Left-Back,44,"€2,50M",2024-06-06,"€2,50M",2024-12-19,2028-06-30T00:00:00+02:00,ROGON,40920,Márton Dárdai,Hungary,3468,1.000,exact
EURO,2024,3382,Belgium,43250,Jan Vertonghen,J. Vertonghen,,1987-04-24,37,Sint-Niklaas,Jan Bert Lieve Vertonghen,male,1.89,left,Defender,Centre-Back,Left-Back,58,"€1,50M",2024-06-04,"€1,00M",2024-12-11,None,YOU FIRST,3077,Jan Vertonghen,Belgium,3382,1.000,exact
EURO,2024,3436,Denmark,432982,Andreas Skov Olsen,A. Skov Olsen,,1999-12-29,24,Hillerød,,male,1.87,left,Striker,Right Winger,Right Midfield,2282,"€18,00M",2024-06-04,"€16,00M",2024-12-11,2026-06-30T00:00:00+02:00,MB Sports,17042,Andreas Skov Olsen,Denmark,3436,1.000,exact
EURO,2024,3299,England,433177,Bukayo Saka,Bukayo Saka,,2001-09-05,22,London,,male,1.78,left,Striker,Right Winger,Left Winger,11,€140.00M,2024-05-27,€150.00M,2024-12-16,2030-06-30T00:00:00+02:00,Elite Project Group Limited,22084,Bukayo Saka,England,3299,1.000,exact
EURO,2024,3383,Austria,434116,Alexander Prass,A. Prass,,2001-05-26,23,Hellmonsödt,,male,1.82,left,Midfielder,Left Midfield,Left-Back,122,€12.00M,2024-05-21,€9.00M,2024-12-20,2028-06-30T00:00:00+02:00,YOU FIRST,39545,Alexander Prass,Austria,3383,1.000,exact
EURO,2024,3379,Netherlands,434675,Cody Gakpo,Cody Gakpo,,1999-05-07,25,Eindhoven,Cody Mathès Gakpo,male,1.93,right,Striker,Left Winger,Centre-Forward,31,€50.00M,2024-05-27,€55.00M,2024-07-18,2030-06-30T00:00:00+02:00,SEG - Sports Entertainment Group,20750,Cody Mathès Gakpo,Netherlands,3379,1.000,exact
EURO,2024,3468,Hungary,439351,Bendegúz Bolla,B. Bolla,,1999-11-22,24,Székesfehérvár,Bolla Bendegúz Bence,male,1.8,right,Defender,Right-Back,Right Midfield,61,€2.00M,2024-05-31,€3.00M,2024-10-10,2027-06-30T00:00:00+02:00,EM Sports Consulting,46789,Bendegúz Bolla,Hungary,3468,1.000,exact
EURO,2024,3442,Poland,44058,Wojciech Szczęsny,W. Szczęsny,,1990-04-18,34,Warszawa,,male,1.95,right,Goalkeeper,Goalkeeper,,506,€6.00M,2024-06-05,€3.00M,2024-10-11,2027-06-30T00:00:00+02:00,CAA Stellar,5669,Wojciech Szczęsny,Poland,3442,1.000,exact
EURO,2024,3561,Albania,442703,Ylber Ramadani,Y. Ramadani,,1996-04-12,28,Starnberg,Ylber Latif Ramadani,male,1.85,right,Midfielder,Defensive Midfield,Central Midfield,1005,€4.00M,2024-06-05,€4.00M,2024-12-18,2026-06-30T00:00:00+02:00,LIAN Sports Group,24438,Ylber Ramadani,Albania,3561,1.000,exact
EURO,2024,3468,Hungary,451276,Dominik Szoboszlai,D. Szoboszlai,,2000-10-25,23,Székesfehérvár,,male,1.87,right,Midfielder,Attacking Midfield,Central Midfield,31,"€75,00M",2024-05-27,"€75,00M",2024-12-16,2028-06-30T00:00:00+02:00,EM Sports Consulting,21209,Dominik Szoboszlai,Hungary,3468,1.000,exact
EURO,2024,3436,Denmark,452607,Alexander Bah,A. Bah,,1997-12-09,26,Årslev,Alexander Hartmann Bah,male,1.83,right,Defender,Right-Back,Right Winger,294,€13.00M,2024-06-06,€14.00M,2024-12-19,2029-06-30T00:00:00+02:00,Elite Consulting,24547,Alexander Hartmann Bah,Denmark,3436,1.000,exact
EURO,2024,3381,Turkiye,454567,Orkun Kökçü,Orkun Kökçü,,2000-12-29,23,Haarlem,,male,1.75,both,Midfielder,Central Midfield,Attacking Midfield,294,"€27,00M",2024-06-06,"€28,00M",2024-10-08,2030-06-30T00:00:00+02:00,Kokcu Football Management,22212,Orkun Kökçü,Turkey,3381,1.000,exact
EURO,2024,3503,Slovakia,454576,Róbert Boženík,R. Boženík,,1999-11-18,24,Terchová,,male,1.88,right,Striker,Centre-Forward,,2503,€5.00M,2024-06-06,€4.00M,2024-12-19,2028-06-30T00:00:00+02:00,ROGON,34904,Róbert Boženík,Slovakia,3503,1.000,exact
EURO,2024,3468,Hungary,454863,András Schäfer,A. Schäfer,,1999-04-13,25,Szombathely,,male,1.78,right,Midfielder,Central Midfield,Defensive Midfield,89,€5.00M,2024-05-29,€5.00M,2024-12-20,2027-06-30T00:00:00+02:00,EM Sports Consulting,42822,András Schäfer,Hungary,3468,1.000,exact
EURO,2024,3379,Netherlands,460939,Tijjani Reijnders,T. Reijnders,,1998-07-29,25,Zwolle,Tijjani Martinus Jan Reijnders Lekatompessy,male,1.85,right,Midfielder,Central Midfield,Defensive Midfield,5,"€30,00M",2024-06-05,"€50,00M",2024-12-18,2030-06-30T00:00:00+02:00,Relatives,21582,Tijjani Reijnders,Netherlands,3379,1.000,exact
EURO,2024,3436,Denmark,461496,Morten Hjulmand,M. Hjulmand,,1999-06-25,24,Kastrup,Morten Blom Due Hjulmand,male,1.85,right,Midfielder,Defensive Midfield,Central Midfield,336,€40.00M,2024-06-06,€45.00M,2024-12-19,2028-06-30T00:00:00+02:00,Boutique Transfers and Management ApS,8621,Morten Hjulmand,Denmark,3436,1.000,exact
EURO,2024,3300,Portugal,462250,João Félix,João Félix,,1999-11-10,24,Viseu,João Félix Sequeira,male,1.81,right,Striker,Second Striker,Centre-Forward,131,€30.00M,2024-06-07,€30.00M,2024-12-16,2027-06-30T00:00:00+02:00,Gestifute,12041,João Félix Sequeira,Portugal,3300,1.000,exact
EURO,2024,3556,Croatia,46413,Ante Budimir,A. Budimir,,1991-07-22,32,Zenica,,male,1.9,left,Striker,Centre-Forward,,331,"€5,00M",2024-06-07,"€5,00M",2024-12-27,2027-06-30T00:00:00+02:00,MG MEDIATOR TRANSFER,8654,Ante Budimir,Croatia,3556,1.000,exact
EURO,2024,3556,Croatia,46580,Andrej Kramaric,A. Kramaric,,1991-06-19,32,Zagreb,Andrej Kramarić,male,1.77,right,Midfielder,Attacking Midfield,Centre-Forward,533,€5.00M,2024-05-29,€4.00M,2024-12-20,2026-06-30T00:00:00+02:00,,5460,Andrej Kramarić,Croatia,3556,1.000,exact
EURO,2024,3438,Serbia,470794,Ivan Ilić,Ivan Ilić,,2001-03-17,23,Niš,Иван Илић,male,1.86,left,Midfielder,Central Midfield,Defensive Midfield,416,"€18,00M",2024-06-05,"€18,00M",2024-12-18,2027-06-30T00:00:00+02:00,Starbridge Srl,30179,Ivan Ilić,Serbia,3438,1.000,exact
EURO,2024,3556,Croatia,475959,Josko Gvardiol,J. Gvardiol,,2002-01-23,22,Zagreb,Joško Gvardiol,male,1.85,left,Defender,Centre-Back,Left-Back,281,"€75,00M",2024-05-27,"€75,00M",2024-12-16,2028-06-30T00:00:00+02:00,Marjan Sisic,33018,Joško Gvardiol,Croatia,3556,1.000,exact
EURO,2024,3299,England,479999,Eberechi Eze,E. Eze,,1998-06-29,25,London,Eberechi Oluchi Eze,male,1.78,right,Midfielder,Attacking Midfield,Left Winger,873,"€55,00M",2024-05-27,"€60,00M",2024-10-01,2029-06-30T00:00:00+02:00,CAA Base Ltd,9000,Eberechi Eze,England,3299,1.000,exact
EURO,2024,3503,Slovakia,482836,David Strelec,D. Strelec,,2001-04-04,23,Nové Zámky,,male,1.85,left,Striker,Centre-Forward,Attacking Midfield,540,€2.80M,2024-06-07,€3.50M,2024-09-27,2030-06-30T00:00:00+02:00,Atlas Sports,43976,David Strelec,Slovakia,3503,1.000,exact
EURO,2024,3556,Croatia,483046,Josip Stanisic,J. Stanisic,,2000-04-02,24,München,Josip Stanišić,male,1.87,both,Defender,Right-Back,Centre-Back,15,€28.00M,2024-05-29,€28.00M,2024-12-20,2029-06-30T00:00:00+02:00,BALLWERK Sports GmbH,49337,Josip Stanišić,Croatia,3556,1.000,exact
EURO,2024,3379,Netherlands,484547,Jeremie Frimpong,J. Frimpong,,2000-12-10,23,Amsterdam,Jeremie Agyekum Frimpong,male,1.72,right,Defender,Right-Back,Right Midfield,15,"€50,00M",2024-05-29,"€50,00M",2024-12-20,2030-06-30T00:00:00+02:00,Prolific Sports Group,32712,Jeremie Frimpong,Netherlands,3379,1.000,exact
EURO,2024,3382,Belgium,485706,Amadou Onana,A. Onana,,2001-08-16,22,Dakar,Amadou Zeund Georges Ba Mvom Onana,male,1.95,right,Midfielder,Defensive Midfield,Central Midfield,29,"€50,00M",2024-05-27,"€55,00M",2024-10-01,2029-06-30T00:00:00+02:00,Be The Future Management,48347,Amadou Onana,Belgium,3382,1.000,exact
EURO,2024,3382,Belgium,486049,Jérémy Doku,Jérémy Doku,,2002-05-27,22,Borgerhout,,male,1.73,right,Striker,Left Winger,Right Winger,281,"€65,00M",2024-05-27,"€60,00M",2024-12-16,2028-06-30T00:00:00+02:00,Elevate,23650,Jeremy Doku,Belgium,3382,1.000,exact
EURO,2024,3300,Portugal,487465,Pedro Neto,Pedro Neto,,2000-03-09,24,Viana do Castelo,Pedro Lomba Neto,male,1.74,left,Striker,Right Winger,Left Winger,543,"€55,00M",2024-05-27,"€55,00M",2024-12-16,2031-06-30T00:00:00+02:00,Gestifute,23256,Pedro Lomba Neto,Portugal,3300,1.000,exact
EURO,2024,3300,Portugal,487469,Vitinha,Vitinha,Vítor Machado Ferreira,2000-02-13,24,Vila das Aves,,male,1.72,right,Midfielder,Defensive Midfield,Central Midfield,583,"€50,00M",2024-06-03,"€55,00M",2024-07-18,2029-06-30T00:00:00+02:00,Gestifute,34639,Vitor Machado Ferreira,Portugal,3300,1.000,exact
EURO,2024,3300,Portugal,487474,Francisco Conceição,F. Conceição,,2002-12-14,21,Coimbra,Francisco Fernandes da Conceição,male,1.7,left,Striker,Right Winger,Left Winger,720,"€22,00M",2024-06-06,"€36,00M",2024-12-18,2030-06-30T00:00:00+02:00,Gestifute,39624,Francisco Fernandes Conceição,Portugal,3300,0.951,fuzzy
EURO,2024,3377,France,487969,Randal Kolo Muani,R. Kolo Muani,,1998-12-05,25,Bondy,,male,1.87,right,Striker,Centre-Forward,Right Winger,583,"€45,00M",2024-06-03,"€40,00M",2024-10-07,2026-06-30T00:00:00+02:00,Relatives,22097,Randal Kolo Muani,France,3377,1.000,exact
EURO,2024,3299,England,488362,Conor Gallagher,C. Gallagher,,2000-02-06,24,Epsom,,male,1.82,right,Midfielder,Central Midfield,Attacking Midfield,631,€50.00M,2024-05-27,€40.00M,2024-12-27,2031-06-30T00:00:00+02:00,Elite Management Agency,29399,Conor Gallagher,England,3299,1.000,exact
EURO,2024,3377,France,495666,William Saliba,W. Saliba,,2001-03-24,23,Bondy,William Alain André Gabriel Saliba,male,1.92,right,Defender,Centre-Back,,11,"€80,00M",2024-05-27,"€80,00M",2024-12-16,2030-06-30T00:00:00+02:00,ND SPORTS MANAGEMENT,17592,William Saliba,France,3377,1.000,exact
EURO,2024,3445,Czechia,500054,David Jurásek,D. Jurásek,,2000-08-07,23,Dolní Němčí,,male,1.83,left,Defender,Left-Back,Left Midfield,533,€8.00M,2024-05-29,€7.00M,2024-12-20,2029-06-30T00:00:00+02:00,Martin Krob FOOTBALL MECHANIC,134272,David Jurásek,Czech Republic,3445,1.000,exact
EURO,2024,3669,Georgia,502670,Khvicha Kvaratskhelia,K. Kvaratskhelia,,2001-02-12,23,Tiflis,ხვიჩა კვარაცხელია,male,1.83,both,Striker,Left Winger,Second Striker,6195,"€80,00M",2024-06-05,"€85,00M",2024-12-18,2029-06-30T00:00:00+02:00,,38229,Khvicha Kvaratskhelia,Georgia,3669,1.000,exact
EURO,2024,3669,Georgia,502671,Anzor Mekvabishvili,A. Mekvabishvili,,2001-06-05,23,Tiflis,ანზორ მექვაბიშვილი,male,1.74,right,Midfielder,Defensive Midfield,Central Midfield,40812,€1.20M,2024-06-05,€1.20M,2024-12-19,2028-06-30T00:00:00+02:00,Unlimited Sports Management,264017,Anzor Mekvabishvili,Georgia,3669,1.000,exact
EURO,2024,3669,Georgia,502676,Giorgi Mamardashvili,G. Mamardashvili,,2000-09-29,23,Tiflis,გიორგი მამარდაშვილი,male,1.97,left,Goalkeeper,Goalkeeper,,1049,"€35,00M",2024-06-07,"€45,00M",2024-07-18,2031-06-30T00:00:00+02:00,Free Football,102371,Giorgi Mamardashvili,Georgia,3669,1.000,exact
EURO,2024,3556,Croatia,502722,Luka Sucic,Luka Sucic,,2002-09-08,21,Linz,Luka Sučić,male,1.85,left,Midfielder,Central Midfield,Attacking Midfield,409,€15.00M,2024-05-21,€18.00M,2024-12-27,2029-06-30T00:00:00+02:00,Soccertalk GmbH,39490,Luka Sučić,Croatia,3556,1.000,exact
EURO,2024,3376,Italy,502821,Riccardo Calafiori,R. Calafiori,,2002-05-19,22,Roma,,male,1.88,left,Defender,Left-Back,Centre-Back,1025,"€30,00M",2024-06-05,"€45,00M",2024-07-18,2029-06-30T00:00:00+02:00,World Soccer Agency,41768,Riccardo Calafiori,Italy,3376,1.000,exact
EURO,2024,3384,Switzerland,507341,Fabian Rieder,F. Rieder,,2002-02-16,22,Bern,,male,1.79,left,Midfielder,Attacking Midfield,Right Winger,273,"€8,00M",2024-06-03,"€10,00M",2024-12-20,2030-06-30T00:00:00+02:00,THE·TEAM,50436,Fabian Rieder,Switzerland,3384,1.000,exact
EURO,2024,3588,Slovenia,507403,Zan Karnicnik,Z. Karnicnik,,1994-09-18,29,Slovenj Gradec,Žan Karničnik,male,1.84,right,Defender,Right-Back,Centre-Back,710,€1.00M,2024-05-24,€1.50M,2024-07-18,2026-06-30T00:00:00+02:00,Dodici Sports Management,137487,Žan Karničnik,Slovenia,3588,1.000,exact
EURO,2024,3503,Slovakia,51100,Peter Pekarík,P. Pekarík,,1986-10-30,37,Žilina,,male,1.77,right,Defender,Right-Back,Left-Back,44,€300.00K,2024-06-06,€250.00K,2024-09-27,2026-06-30T00:00:00+02:00,ROGON,9722,Peter Pekarík,Slovakia,3503,1.000,exact
EURO,2024,3438,Serbia,51152,Aleksandar Mitrović,A. Mitrović,,1994-09-16,29,Smederevo,Александар Митровић,male,1.89,right,Striker,Centre-Forward,,1114,"€28,00M",2024-06-04,"€25,00M",2024-12-13,2028-06-30T00:00:00+02:00,Gol International,4269,Aleksandar Mitrović,Serbia,3438,1.000,exact
EURO,2024,3556,Croatia,51471,Mateo Kovacic,M. Kovacic,,1994-05-06,30,Linz,Mateo Kovačić,male,1.77,right,Midfielder,Central Midfield,Attacking Midfield,281,"€30,00M",2024-05-27,"€28,00M",2024-12-16,2027-06-30T00:00:00+02:00,VPA SPORTS INTERNATIONAL LTD.,5456,Mateo Kovačić,Croatia,3556,1.000,exact
EURO,2024,3381,Turkiye,51894,Mert Günok,Mert Günok,,1989-03-01,35,Karabük,Fehmi Mert Günok,male,1.96,right,Goalkeeper,Goalkeeper,,114,"€1,20M",2024-05-31,"€1,20M",2024-10-04,2028-06-30T00:00:00+02:00,FutureBall,30310,Fehmi Mert Günok,Turkey,3381,1.000,exact
EURO,2024,3375,Spain,524000,Dani Vivian,Dani Vivian,,1999-07-05,24,Vitoria-Gasteiz,Daniel Vivian Moreno,male,1.84,right,Defender,Centre-Back,,621,"€25,00M",2024-06-07,"€30,00M",2024-10-11,2032-06-30T00:00:00+02:00,,41542,Daniel Vivian Moreno,Spain,3375,1.000,exact
EURO,2024,3447,Romania,527966,Andrei Rațiu,A. Rațiu,,1998-06-20,25,Aiud,Andrei Florin Rațiu,male,1.83,right,Defender,Right-Back,Right Winger,367,"€1,40M",2024-06-07,"€3,00M",2024-07-18,2030-06-30T00:00:00+02:00,LEADERBROCK sports,24861,Andrei Florin Ratiu,Romania,3447,1.000,exact
EURO,2024,3383,Austria,533295,Patrick Wimmer,P. Wimmer,,2001-05-30,23,Tulln,,male,1.82,right,Striker,Right Winger,Left Winger,82,"€15,00M",2024-05-29,"€12,00M",2024-12-20,2027-06-30T00:00:00+02:00,More than Sport by AS1,33297,Patrick Wimmer,Austria,3383,1.000,exact
EURO,2024,3447,Romania,535469,Valentin Mihăilă,V. Mihăilă,,2000-02-02,24,Finta,Mihai Valentin Mihăilă,male,1.8,right,Striker,Left Winger,Attacking Midfield,130,€2.80M,2024-06-03,€3.00M,2024-12-18,2029-06-30T00:00:00+02:00,Becali Sport,72512,Valentin Mihai Mihăilă,Romania,3447,0.940,token_subset
EURO,2024,3262,Germany,53622,İlkay Gündoğan,İ. Gündoğan,,1990-10-24,33,Gelsenkirchen,İlkay Gündoğan,male,1.8,right,Midfielder,Central Midfield,Defensive Midfield,131,"€15,00M",2024-06-07,"€12,00M",2024-10-01,2027-06-30T00:00:00+02:00,ROOF,10287,İlkay Gündoğan,Germany,3262,1.000,exact
EURO,2024,3699,Ukraine,537844,Anatoliy Trubin,A. Trubin,,2001-08-01,22,Donetsk,Трубін Анатолій Володимирович,male,1.99,right,Goalkeeper,Goalkeeper,,294,"€25,00M",2024-06-06,"€25,00M",2024-12-19,2028-06-30T00:00:00+02:00,PART of the GAME,37330,Anatolii Trubin,Ukraine,3699,0.933,fuzzy
EURO,2024,3699,Ukraine,537860,Mykhaylo Mudryk,M. Mudryk,,2001-01-05,23,"Krasnograd, Kharkiv Oblast",Мудрик Михайло Петрович,male,1.75,right,Striker,Left Winger,Right Winger,631,"€35,00M",2024-05-27,"€30,00M",2024-10-01,2031-06-30T00:00:00+02:00,ProStar,39483,Mykhailo Mudryk,Ukraine,3699,0.933,fuzzy
EURO,2024,3503,Slovakia,540333,Tomas Suslov,T. Suslov,,2002-06-07,22,Spišská Nová Ves,Tomáš Suslov,male,1.74,left,Midfielder,Attacking Midfield,Right Winger,276,€7.00M,2024-06-05,€6.00M,2024-12-18,2027-06-30T00:00:00+02:00,Atlas Sports,35653,Tomáš Suslov,Slovakia,3503,1.000,exact
EURO,2024,3381,Turkiye,541537,Barış Alper Yılmaz,B. Yılmaz,,2000-05-23,24,Rize,,male,1.86,right,Striker,Left Winger,Right Winger,141,"€17,00M",2024-05-31,"€20,00M",2024-07-18,2028-06-30T00:00:00+02:00,TM AGENCY,134209,Barış Alper Yılmaz,Turkey,3381,1.000,exact
EURO,2024,3561,Albania,543771,Kristjan Asllani,K. Asllani,,2002-03-09,22,Elbasan,,male,1.79,right,Midfielder,Defensive Midfield,Central Midfield,46,"€18,00M",2024-06-05,"€18,00M",2024-12-18,2026-06-30T00:00:00+02:00,LP Sport Management S.r.l.,57303,Kristjan Asllani,Albania,3561,1.000,exact
EURO,2024,3382,Belgium,548193,Zeno Debast,Zeno Debast,,2003-10-24,20,Halle,Zeno Koen Debast,male,1.91,right,Defender,Centre-Back,Defensive Midfield,58,€18.00M,2024-06-04,€22.00M,2024-10-08,2029-06-30T00:00:00+02:00,TEAM DEBAST,114832,Zeno Debast,Belgium,3382,1.000,exact
EURO,2024,3300,Portugal,549006,Gonçalo Inácio,G. Inácio,,2001-08-25,22,Almada,Gonçalo Bernardo Inácio,male,1.86,left,Defender,Centre-Back,,336,€45.00M,2024-06-06,€45.00M,2024-12-19,2030-06-30T00:00:00+02:00,AS1,42106,Gonçalo Bernardo Inácio,Portugal,3300,1.000,exact
EURO,2024,3376,Italy,54906,Matteo Darmian,M. Darmian,,1989-12-02,34,Legnano,,male,1.83,right,Defender,Right-Back,Left-Back,46,€4.00M,2024-06-05,€4.00M,2024-12-18,2026-06-30T00:00:00+02:00,TMP SOCCER srl,4587,Matteo Darmian,Italy,3376,1.000,exact
EURO,2024,3442,Poland,550108,Nicola Zalewski,N. Zalewski,,2002-01-23,22,Tivoli,,male,1.75,right,Midfielder,Left Midfield,Attacking Midfield,12,€12.00M,2024-06-05,€10.00M,2024-12-18,2029-06-30T00:00:00+02:00,GP Soccer and Management Srl,50502,Nicola Zalewski,Poland,3442,1.000,exact
EURO,2024,3445,Czechia,552057,Adam Hlozek,Adam Hlozek,,2002-07-25,21,Ivančice,Adam Hložek,male,1.88,right,Striker,Centre-Forward,Left Winger,15,€12.00M,2024-05-29,€18.00M,2024-10-09,2029-06-30T00:00:00+02:00,"International Sport Management, s.r.o.",28239,Adam Hložek,Czech Republic,3445,1.000,exact
EURO,2024,3376,Italy,554903,Mateo Retegui,M. Retegui,,1999-04-29,25,San Fernando,,male,1.86,right,Striker,Centre-Forward,,252,€16.00M,2024-06-05,€28.00M,2024-10-18,2028-06-30T00:00:00+02:00,GEA FIRST,31093,Mateo Retegui,Italy,3376,1.000,exact
EURO,2024,3669,Georgia,55972,Guram Kashia,G. Kashia,,1987-07-04,36,Tiflis,გურამ კაშია,male,1.85,right,Defender,Centre-Back,,540,€250.00K,2024-06-07,€225.00K,2024-12-27,2026-06-30T00:00:00+02:00,,7839,Guram Kashia,Georgia,3669,1.000,exact
EURO,2024,3436,Denmark,564529,Victor Kristiansen,V. Kristiansen,,2002-12-16,21,København,Victor Bernth Flesner Kristiansen,male,1.81,left,Defender,Left-Back,Left Midfield,1025,€15.00M,2024-06-05,€16.00M,2024-12-16,2028-06-30T00:00:00+02:00,Boutique Transfers and Management ApS,60343,Victor Bernth Kristansen,Denmark,3436,1.000,exact
EURO,2024,3379,Netherlands,565093,Bart Verbruggen,B. Verbruggen,,2002-08-18,21,Zwolle,,male,1.94,right,Goalkeeper,Goalkeeper,,1237,"€18,00M",2024-05-27,"€22,00M",2024-10-01,2028-06-30T00:00:00+02:00,Stirr Associates,37274,Bart Verbruggen,Netherlands,3379,1.000,exact
EURO,2024,3379,Netherlands,566931,Xavi Simons,Xavi Simons,,2003-04-21,21,Amsterdam,Xavier Quentin Shay Simons,male,1.79,right,Midfielder,Attacking Midfield,Left Winger,23826,€80.00M,2024-05-29,€80.00M,2024-12-20,2030-06-30T00:00:00+02:00,,39167,Xavi Simons,Netherlands,3379,1.000,exact
EURO,2024,3299,England,568177,Cole Palmer,Cole Palmer,,2002-05-06,22,Manchester,Cole Jermaine Palmer,male,1.85,left,Midfielder,Attacking Midfield,Right Winger,631,"€80,00M",2024-05-27,"€90,00M",2024-10-01,2033-06-30T00:00:00+02:00,CAA Base Ltd,39461,Cole Palmer,England,3299,1.000,exact
EURO,2024,3447,Romania,568559,Radu Drăgușin,R. Drăgușin,,2002-02-03,22,Bucharest,Radu Matei Drăgușin,male,1.91,right,Defender,Centre-Back,Right-Back,148,"€25,00M",2024-05-27,"€25,00M",2024-12-16,2030-06-30T00:00:00+02:00,GG11,39615,Radu Drăgușin,Romania,3447,1.000,exact
EURO,2024,3468,Hungary,57071,Péter Gulácsi,P. Gulácsi,,1990-05-06,34,Budapest,,male,1.93,right,Goalkeeper,Goalkeeper,,23826,€3.00M,2024-05-29,€2.50M,2024-12-20,2027-06-30T00:00:00+02:00,HCM Sports Management,8524,Péter Gulácsi,Hungary,3468,1.000,exact
EURO,2024,3561,Albania,571743,Armando Broja,A. Broja,,2001-09-10,22,Slough,,male,1.91,right,Striker,Centre-Forward,,931,"€22,00M",2024-05-27,"€18,00M",2024-10-01,2030-06-30T00:00:00+02:00,FA Sport,36885,Armando Broja,Albania,3561,1.000,exact
EURO,2024,3438,Serbia,574671,Strahinja Pavlović,S. Pavlović,,2001-05-24,23,Šabac,Страхиња Павловић,male,1.94,left,Defender,Centre-Back,,409,"€25,00M",2024-05-21,"€20,00M",2024-10-18,2028-06-30T00:00:00+02:00,Football Agency Ten,27719,Strahinja Pavlović,Serbia,3438,1.000,exact
EURO,2024,3262,Germany,580195,Jamal Musiala,J. Musiala,,2003-02-26,21,Stuttgart,,male,1.84,right,Midfielder,Attacking Midfield,Central Midfield,27,"€120,00M",2024-05-29,"€130,00M",2024-07-18,2030-06-30T00:00:00+02:00,11WINS GmbH,39565,Jamal Musiala,Germany,3262,1.000,exact
EURO,2024,3299,England,581678,Jude Bellingham,J. Bellingham,,2003-06-29,20,Stourbridge,Jude Victor William Bellingham,male,1.86,right,Midfielder,Attacking Midfield,Central Midfield,418,"€180,00M",2024-06-07,"€180,00M",2024-12-27,2029-06-30T00:00:00+02:00,Relatives,30714,Jude Bellingham,England,3299,1.000,exact
EURO,2024,3375,Spain,58884,Nacho Fernández,N. Fernández,,1990-01-18,34,Madrid,José Ignacio Fernández Iglesias,male,1.8,right,Defender,Centre-Back,Right-Back,418,"€3,00M",2024-06-07,"€2,50M",2024-12-13,2026-06-30T00:00:00+02:00,Relatives,5202,José Ignacio Fernández Iglesias,Spain,3375,1.000,exact
EURO,2024,3383,Austria,59145,Gernot Trauner,G. Trauner,,1992-03-25,32,Linz,,male,1.83,right,Defender,Centre-Back,,234,€3.50M,2024-05-31,€3.00M,2024-12-17,2026-06-30T00:00:00+02:00,ROOF,8778,Gernot Trauner,Austria,3383,1.000,exact
EURO,2024,3262,Germany,598577,Florian Wirtz,F. Wirtz,,2003-05-03,21,Pulheim,Florian Richard Wirtz,male,1.77,right,Midfielder,Attacking Midfield,Left Winger,15,€130.00M,2024-05-29,€140.00M,2024-12-20,2030-06-30T00:00:00+02:00,Relatives,40724,Florian Wirtz,Germany,3262,1.000,exact
EURO,2024,3436,Denmark,610442,Rasmus Højlund,R. Højlund,,2003-02-04,21,København,Rasmus Winther Højlund,male,1.91,left,Striker,Centre-Forward,,985,€65.00M,2024-05-27,€60.00M,2024-12-16,2026-06-30T00:00:00+02:00,SEG - Sports Entertainment Group,51672,Rasmus Winther Højlund,Denmark,3436,1.000,exact
EURO,2024,3381,Turkiye,613725,İsmail Yüksek,İ. Yüksek,,1999-01-26,25,Bursa,İsmail Yüksek,male,1.83,right,Midfielder,Defensive Midfield,Central Midfield,36,"€12,00M",2024-05-31,"€14,00M",2024-10-04,2028-06-30T00:00:00+02:00,FutureBall,78241,İsmail Yüksek,Turkey,3381,1.000,exact
EURO,2024,3300,Portugal,616341,Nuno Mendes,Nuno Mendes,,2002-06-19,21,Lisboa,Nuno Alexandre Tavares Mendes,male,1.8,left,Defender,Left-Back,Left Midfield,583,"€55,00M",2024-06-03,"€55,00M",2024-12-10,2029-06-30T00:00:00+02:00,AS1,41092,Nuno Mendes,Portugal,3300,1.000,exact
EURO,2024,3445,Czechia,620217,Robin Hranac,R. Hranac,,2000-01-29,24,Plzeň,Robin Hranáč,male,1.9,right,Defender,Centre-Back,,941,"€5,00M",2024-06-05,"€8,00M",2024-10-09,2028-06-30T00:00:00+02:00,K2K Sports Entertainment Group s.r.o.,81330,Robin Hranáč,Czech Republic,3445,1.000,exact
EURO,2024,3699,Ukraine,623325,Georgiy Sudakov,G. Sudakov,,2002-09-01,21,"Bryanka, Lugansk Oblast",Судаков Георгій Вікторович,male,1.77,both,Midfielder,Attacking Midfield,Central Midfield,660,€35.00M,2024-06-06,€32.00M,2024-12-17,2026-06-30T00:00:00+02:00,ProStar,38975,Georgiy Sudakov,Ukraine,3699,1.000,exact
EURO,2024,3588,Slovenia,627442,Benjamin Sesko,B. Sesko,,2003-05-31,21,Radeče,Benjamin Šeško,male,1.95,right,Striker,Centre-Forward,,23826,€50.00M,2024-05-29,€50.00M,2024-12-20,2030-06-30T00:00:00+02:00,Pro transfer,38759,Benjamin Šeško,Slovenia,3588,1.000,exact
EURO,2024,3377,France,640428,Eduardo Camavinga,E. Camavinga,,2002-11-10,21,Cabinda,Eduardo Celmi Camavinga,male,1.82,left,Midfielder,Central Midfield,Defensive Midfield,418,€100.00M,2024-06-07,€80.00M,2024-12-27,2029-06-30T00:00:00+02:00,CAA Stellar,24778,Eduardo Camavinga,France,3377,1.000,exact
EURO,2024,3699,Ukraine,659089,Ilya Zabarnyi,I. Zabarnyi,,2002-09-01,21,Kyiv,Забарний Ілля Борисович,male,1.89,right,Defender,Centre-Back,,989,"€32,00M",2024-05-27,"€38,00M",2024-12-16,2030-06-30T00:00:00+02:00,THE·TEAM,39136,Illia Zabarnyi,Ukraine,3699,1.000,exact
EURO,2024,3699,Ukraine,669306,Volodymyr Brazhko,V. Brazhko,,2002-01-23,22,Zaporizhya,Бражко Володимир Володимирович,male,1.84,right,Midfielder,Defensive Midfield,Central Midfield,338,"€5,00M",2024-06-06,"€7,00M",2024-09-12,2029-06-30T00:00:00+02:00,ProStar,144127,Volodymyr Brazhko,Ukraine,3699,1.000,exact
EURO,2024,3375,Spain,683840,Pedri,Pedri,Pedro González López,2002-11-25,21,Tegueste,,male,1.74,right,Midfielder,Central Midfield,Attacking Midfield,131,€80.00M,2024-06-07,€100.00M,2024-12-27,2030-06-30T00:00:00+02:00,LEADERBROCK sports,30486,Pedro González López,Spain,3375,1.000,exact
EURO,2024,3699,Ukraine,69015,Andriy Yarmolenko,A. Yarmolenko,,1989-10-23,34,Leningrad,Ярмоленко Андрій Миколайович,male,1.89,left,Striker,Right Winger,Left Winger,338,€2.00M,2024-06-06,€1.50M,2024-12-17,2026-06-30T00:00:00+02:00,ProStar,8830,Andriy Yarmolenko,Ukraine,3699,1.000,exact
EURO,2024,3436,Denmark,69633,Christian Eriksen,C. Eriksen,,1992-02-14,32,Middelfart,Christian Dannemann Eriksen,male,1.82,right,Midfielder,Attacking Midfield,Central Midfield,985,"€8,00M",2024-05-27,"€6,00M",2024-12-16,2027-06-30T00:00:00+02:00,The Talents Sportsmanagement Ltd,3043,Christian Dannemann Eriksen,Denmark,3436,1.000,exact
EURO,2024,3442,Poland,699442,Kacper Urbański,K. Urbański,,2004-09-07,19,Gdańsk,,male,1.83,right,Midfielder,Attacking Midfield,Defensive Midfield,1025,"€7,00M",2024-06-05,"€7,00M",2024-12-18,2028-06-30T00:00:00+02:00,Nordic Sky,33680,Kacper Urbanski,Poland,3442,1.000,exact
EURO,2024,3377,France,708265,Bradley Barcola,B. Barcola,,2002-09-02,21,Lyon,Bradley Jean-Manuel Essolisam Addo Barcola,male,1.82,right,Striker,Left Winger,Right Winger,583,"€50,00M",2024-06-03,"€65,00M",2024-10-07,2028-06-30T00:00:00+02:00,Gestifute,39420,Bradley Barcola,France,3377,1.000,exact
EURO,2024,3375,Spain,709187,Nico Williams,N. Williams,,2002-07-12,21,Pamplona,Nicholas Williams Arthuer,male,1.81,right,Striker,Left Winger,Right Winger,621,"€60,00M",2024-06-07,"€70,00M",2024-07-18,2035-06-30T00:00:00+02:00,,68574,Nicholas Williams Arthuer,Spain,3375,1.000,exact
EURO,2024,3561,Albania,726114,Mario Mitaj,Mario Mitaj,,2003-08-06,20,Athens,Μάριο Μιτάι,male,1.8,left,Defender,Left-Back,Left Midfield,932,"€2,00M",2024-06-04,"€3,50M",2024-07-18,2028-06-30T00:00:00+02:00,BSP FOOTBALL AGENCY,49097,Mario Mitaj,Albania,3561,1.000,exact
EURO,2024,3669,Georgia,729814,Georges Mikautadze,G. Mikautadze,,2000-10-31,23,Lyon,გიორგი მიქაუტაძე,male,1.76,right,Striker,Centre-Forward,Left Winger,347,"€15,00M",2024-06-03,"€20,00M",2024-07-18,2031-06-30T00:00:00+02:00,VV Consulting,33234,Georges Mikautadze,Georgia,3669,1.000,exact
EURO,2024,3468,Hungary,730861,Milos Kerkez,M. Kerkez,,2003-11-07,20,Vrbas,Милош Керкез,male,1.8,left,Defender,Left-Back,Left Midfield,989,€20.00M,2024-05-27,€28.00M,2024-12-16,2030-06-30T00:00:00+02:00,LIAN Sports Group,89635,Milos Kerkez,Hungary,3468,1.000,exact
EURO,2024,3503,Slovakia,74943,Juraj Kucka,Juraj Kucka,,1987-02-26,37,Bojnice,,male,1.86,right,Midfielder,Central Midfield,Defensive Midfield,540,€500.00K,2024-06-07,€450.00K,2024-12-27,2027-06-30T00:00:00+02:00,,10919,Juraj Kucka,Slovakia,3503,1.000,exact
EURO,2024,3503,Slovakia,74960,Martin Dúbravka,M. Dúbravka,,1989-01-15,35,Žilina,,male,1.91,right,Goalkeeper,Goalkeeper,,762,€1.00M,2024-05-27,€1.00M,2024-12-16,2026-06-30T00:00:00+02:00,Eighteen Sixty Three,3711,Martin Dúbravka,Slovakia,3503,1.000,exact
EURO,2024,3262,Germany,75489,Niclas Füllkrug,N. Füllkrug,,1993-02-09,31,Hannover,,male,1.89,right,Striker,Centre-Forward,Left Winger,16,"€15,00M",2024-05-29,"€15,00M",2024-12-16,2026-06-30T00:00:00+02:00,ROOF,8546,Niclas Füllkrug,Germany,3262,1.000,exact
EURO,2024,3442,Poland,80894,Lukasz Skorupski,L. Skorupski,,1991-05-05,33,Zabrze,Łukasz Skorupski,male,1.88,right,Goalkeeper,Goalkeeper,,1025,€3.50M,2024-06-05,€2.50M,2024-12-18,2027-06-30T00:00:00+02:00,P&P Sport Management S.A.M.,11508,Łukasz Skorupski,Poland,3442,1.000,exact
EURO,2024,3300,Portugal,8198,Cristiano Ronaldo,Cristiano Ronaldo,Cristiano Ronaldo dos Santos Aveiro,1985-02-05,39,Funchal,,male,1.88,right,Striker,Centre-Forward,Left Winger,18544,"€15,00M",2024-06-04,"€12,00M",2024-12-13,2027-06-30T00:00:00+02:00,Gestifute,5207,Cristiano Ronaldo dos Santos Aveiro,Portugal,3300,1.000,exact
EURO,2024,3299,England,820374,Kobbie Mainoo,K. Mainoo,,2005-04-19,19,Stockport,,male,1.84,right,Midfielder,Central Midfield,Attacking Midfield,985,€50.00M,2024-05-27,€55.00M,2024-07-18,2027-06-30T00:00:00+02:00,CAA Stellar,99174,Kobbie Mainoo,England,3299,1.000,exact
EURO,2024,3381,Turkiye,845654,Kenan Yıldız,K. Yıldız,,2005-05-04,19,Regensburg,,male,1.87,both,Striker,Left Winger,Second Striker,506,"€30,00M",2024-06-05,"€40,00M",2024-10-18,2030-06-30T00:00:00+02:00,Relatives,151813,Kenan Yildiz,Turkey,3381,1.000,exact
EURO,2024,3381,Turkiye,861410,Arda Güler,Arda Güler,,2005-02-25,19,Ankara,,male,1.75,left,Midfielder,Attacking Midfield,Right Winger,418,"€30,00M",2024-06-07,"€45,00M",2024-07-18,2029-06-30T00:00:00+02:00,Relatives,116587,Arda Güler,Turkey,3381,1.000,exact
EURO,2024,3262,Germany,86202,Antonio Rüdiger,A. Rüdiger,,1993-03-03,31,Berlin,,male,1.9,right,Defender,Centre-Back,,418,"€25,00M",2024-06-07,"€24,00M",2024-12-27,2026-06-30T00:00:00+02:00,HCM Sports Management,3167,Antonio Rüdiger,Germany,3262,1.000,exact
EURO,2024,3384,Switzerland,86784,Ricardo Rodríguez,R. Rodríguez,,1992-08-25,31,Zürich,Ricardo Iván Rodríguez Araya,male,1.82,left,Defender,Left-Back,Centre-Back,416,€3.50M,2024-06-05,€2.50M,2024-12-27,2026-06-30T00:00:00+02:00,AC Talent,5544,Ricardo Iván Rodríguez Araya,Switzerland,3384,1.000,exact
EURO,2024,3382,Belgium,88755,Kevin De Bruyne,K. De Bruyne,,1991-06-28,32,Drongen,,male,1.81,right,Midfielder,Attacking Midfield,Central Midfield,281,"€50,00M",2024-05-27,"€45,00M",2024-10-01,2027-06-30T00:00:00+02:00,Roc Nation Sports,3089,Kevin De Bruyne,Belgium,3382,1.000,exact
EURO,2024,3468,Hungary,93740,Willi Orbán,Willi Orbán,,1992-11-03,31,Kaiserslautern,Vilmos Tamás Orbán,male,1.86,right,Defender,Centre-Back,Defensive Midfield,23826,€10.00M,2024-05-29,€10.00M,2024-12-20,2027-06-30T00:00:00+02:00,ROGON,8509,Willi Orban,Hungary,3468,1.000,exact
EURO,2024,3375,Spain,937958,Lamine Yamal,Lamine Yamal,Lamine Yamal Nasraoui Ebana,2007-07-13,16,Esplugues de Llobregat,,male,1.8,left,Striker,Right Winger,Left Winger,131,"€90,00M",2024-06-07,"€120,00M",2024-07-18,2031-06-30T00:00:00+02:00,Gestifute,316046,Lamine Yamal Nasraoui Ebana,Spain,3375,1.000,exact
EURO,2024,3299,England,95424,Kyle Walker,Kyle Walker,,1990-05-28,34,Sheffield,Kyle Andrew Walker,male,1.83,right,Defender,Right-Back,Centre-Back,281,"€13,00M",2024-05-27,"€10,00M",2024-12-16,2027-06-30T00:00:00+02:00,CAA Base Ltd,3205,Kyle Walker,England,3299,1.000,exact
EURO,2024,3299,England,95810,Kieran Trippier,K. Trippier,,1990-09-19,33,Bury,Kieran John Trippier,male,1.73,right,Defender,Right-Back,Right Midfield,762,"€10,00M",2024-05-27,"€8,00M",2024-12-16,2026-06-30T00:00:00+02:00,CAA Base Ltd,3308,Kieran Trippier,England,3299,1.000,exact
EURO,2024,3382,Belgium,96341,Romelu Lukaku,R. Lukaku,,1993-05-13,31,Antwerpen,Romelu Menama Lukaku Bolingoli,male,1.91,left,Striker,Centre-Forward,,12,"€30,00M",2024-06-05,"€25,00M",2024-12-18,2027-06-30T00:00:00+02:00,TEAM LUKAKU,3289,Romelu Lukaku Menama,Belgium,3382,0.960,prefix
EURO,2024,3436,Denmark,99331,Jannik Vestergaard,J. Vestergaard,,1992-08-03,31,Hvidovre,,male,1.99,both,Defender,Centre-Back,,1003,"€3,00M",2024-05-24,"€3,00M",2024-12-16,2027-06-30T00:00:00+02:00,Unique Sports Group,8815,Jannik Vestergaard,Denmark,3436,1.000,exact
