competition_id,team_season,source_team_id,source_team_name,player_id,national_team_id,games_played,goals_scored,shirt_number,is_captain,debut,debut_coach_id,debut_game_id,career_state
EURO,2024,3382,Belgium,100986,3382,78,10,15,false,2013-11-14,430,2379650,CURRENT_NATIONAL_PLAYER
EURO,2024,3382,Belgium,1019174,3382,1,0,23,false,2024-11-17,30857,4284244,FORMER_NATIONAL_PLAYER
EURO,2024,3376,Italy,102017,3376,57,5,8,false,2016-03-24,3517,2666165,FORMER_NATIONAL_PLAYER
EURO,2024,3381,Turkiye,1043003,3381,1,0,26,false,2025-06-11,11795,4619073,RECENT_NATIONAL_PLAYER
EURO,2024,3561,Albania,1059579,3561,0,0,7,false,None,None,None,FORMER_NATIONAL_PLAYER
EURO,2024,3383,Austria,106270,3383,28,1,17,false,2015-11-17,531,2637039,FORMER_NATIONAL_PLAYER
EURO,2024,3383,Austria,106872,3383,5,0,23,false,2024-09-06,196,4284300,FORMER_NATIONAL_PLAYER
EURO,2024,3383,Austria,106987,3383,97,25,9,false,2012-06-05,531,2204439,CURRENT_NATIONAL_PLAYER
EURO,2024,3436,Denmark,107775,3436,10,0,22,false,2016-08-31,592,2697332,CURRENT_NATIONAL_PLAYER
EURO,2024,3503,Slovakia,108416,3503,35,7,18,false,2020-09-04,2858,3330642,RECENT_NATIONAL_PLAYER
EURO,2024,3468,Hungary,108669,3468,64,2,5,false,2014-10-14,23118,2429396,FORMER_NATIONAL_PLAYER
EURO,2024,3382,Belgium,108880,3382,20,0,1,false,2020-09-08,4328,3330695,RETIRED_NATIONAL_PLAYER
EURO,2024,3299,England,110864,3299,4,0,13,false,2021-06-06,3358,3524637,FORMER_NATIONAL_PLAYER
EURO,2024,3379,Netherlands,111196,3379,79,4,6,false,2012-08-15,2029,2255570,CURRENT_NATIONAL_PLAYER
EURO,2024,3561,Albania,111433,3561,44,0,5,false,2015-11-16,529,2639664,FORMER_NATIONAL_PLAYER
EURO,2024,3384,Switzerland,111455,3384,144,16,10,true,2011-06-04,92,1113418,CURRENT_NATIONAL_PLAYER
EURO,2024,3300,Portugal,1138758,3300,0,0,13,false,None,None,None,FORMER_NATIONAL_PLAYER
EURO,2024,3381,Turkiye,119031,3381,72,5,22,false,2016-08-31,253,2744759,CURRENT_NATIONAL_PLAYER
EURO,2024,3556,Croatia,119150,3556,28,2,16,false,2019-09-09,2711,3149408,RECENT_NATIONAL_PLAYER
EURO,2024,3262,Germany,119296,3262,48,2,23,false,2015-09-04,495,2429493,FORMER_NATIONAL_PLAYER
EURO,2024,3383,Austria,120205,3383,74,24,11,false,2016-09-05,531,2643555,CURRENT_NATIONAL_PLAYER
EURO,2024,3377,France,120629,3377,5,0,23,false,2018-09-06,1229,2992446,FORMER_NATIONAL_PLAYER
EURO,2024,3380,Scotland,120977,3380,63,3,8,false,2017-11-09,8268,2950828,FORMER_NATIONAL_PLAYER
EURO,2024,3380,Scotland,121385,3380,66,2,5,false,2011-05-25,625,1106199,CURRENT_NATIONAL_PLAYER
EURO,2024,3588,Slovenia,121483,3588,82,0,1,false,2012-09-11,2440,2261088,RECENT_NATIONAL_PLAYER
EURO,2024,3379,Netherlands,12282,3379,108,3,17,false,2013-02-06,2029,2288034,RETIRED_NATIONAL_PLAYER
EURO,2024,3468,Hungary,122840,3468,48,2,7,false,2020-10-08,16090,3284034,RECENT_NATIONAL_PLAYER
EURO,2024,3699,Ukraine,124182,3699,62,3,5,false,2014-10-09,5164,2429348,FORMER_NATIONAL_PLAYER
EURO,2024,3379,Netherlands,124884,3379,1,0,13,false,2020-11-11,8371,3467408,FORMER_NATIONAL_PLAYER
EURO,2024,3379,Netherlands,125714,3379,11,0,23,false,2022-03-26,2029,3776913,CURRENT_NATIONAL_PLAYER
EURO,2024,3377,France,125781,3377,137,44,7,false,2014-03-05,1229,2422926,RETIRED_NATIONAL_PLAYER
EURO,2024,3380,Scotland,12589,3380,83,0,1,false,2004-05-30,272,2950186,RECENT_NATIONAL_PLAYER
EURO,2024,3381,Turkiye,126414,3381,104,22,10,true,2013-09-06,253,2262658,CURRENT_NATIONAL_PLAYER
EURO,2024,3380,Scotland,126600,3380,55,3,23,false,2016-03-24,455,2676670,CURRENT_NATIONAL_PLAYER
EURO,2024,3377,France,126664,3377,56,0,3,false,2014-03-05,1229,2422926,CURRENT_NATIONAL_PLAYER
EURO,2024,3382,Belgium,127202,3382,13,0,13,false,2021-06-03,4328,3544758,CURRENT_NATIONAL_PLAYER
EURO,2024,3383,Austria,127573,3383,29,0,16,false,2021-09-04,2450,3495278,CURRENT_NATIONAL_PLAYER
EURO,2024,3375,Spain,128223,3375,87,37,7,false,2014-11-15,40,2429413,RECENT_NATIONAL_PLAYER
EURO,2024,3445,Czechia,129655,3445,31,0,18,false,2017-09-01,2867,2643541,RECENT_NATIONAL_PLAYER
EURO,2024,3299,England,130164,3299,82,0,1,false,2017-11-10,3358,2958155,CURRENT_NATIONAL_PLAYER
EURO,2024,3380,Scotland,130765,3380,53,5,17,false,2017-03-26,455,2758592,FORMER_NATIONAL_PLAYER
EURO,2024,3299,England,132098,3299,112,78,9,true,2015-03-27,1775,2429432,CURRENT_NATIONAL_PLAYER
EURO,2024,3379,Netherlands,133179,3379,42,1,15,false,2016-11-13,1870,2643471,FORMER_NATIONAL_PLAYER
EURO,2024,3384,Switzerland,135343,3384,86,8,22,false,2013-08-14,92,2354948,RETIRED_NATIONAL_PLAYER
EURO,2024,3381,Turkiye,137616,3381,47,1,5,false,2015-11-17,253,2636814,RECENT_NATIONAL_PLAYER
EURO,2024,3375,Spain,138927,3375,52,1,2,false,2014-09-04,40,2494367,RECENT_NATIONAL_PLAYER
EURO,2024,3379,Netherlands,139208,3379,90,12,4,true,2015-10-10,1870,2429556,CURRENT_NATIONAL_PLAYER
EURO,2024,3300,Portugal,139396,3300,12,2,17,false,2017-11-10,782,2969738,FORMER_NATIONAL_PLAYER
EURO,2024,3382,Belgium,140776,3382,78,11,11,false,2015-03-28,430,2429442,FORMER_NATIONAL_PLAYER
EURO,2024,3300,Portugal,141050,3300,74,2,13,false,2015-03-31,782,2549775,FORMER_NATIONAL_PLAYER
EURO,2024,3300,Portugal,14132,3300,141,8,3,false,2007-11-21,1068,87037,FORMER_NATIONAL_PLAYER
EURO,2024,3445,Czechia,142219,3445,21,0,20,false,2020-09-07,49283,3330649,CURRENT_NATIONAL_PLAYER
EURO,2024,3438,Serbia,143558,3438,8,0,16,false,2012-05-31,3896,1186290,FORMER_NATIONAL_PLAYER
EURO,2024,3382,Belgium,144028,3382,50,11,10,false,2020-09-05,4328,3330688,RECENT_NATIONAL_PLAYER
EURO,2024,3442,Poland,144143,3442,59,0,18,false,2013-06-04,2469,2308982,CURRENT_NATIONAL_PLAYER
EURO,2024,3384,Switzerland,147051,3384,12,0,12,false,2018-10-15,1315,2996621,CURRENT_NATIONAL_PLAYER
EURO,2024,3445,Czechia,147555,3445,17,0,8,false,2019-11-14,3354,3148812,FORMER_NATIONAL_PLAYER
EURO,2024,3299,England,148153,3299,6,0,15,false,2018-11-15,3358,3096467,FORMER_NATIONAL_PLAYER
EURO,2024,3380,Scotland,148215,3380,2,0,22,false,2024-10-15,2638,4284232,FORMER_NATIONAL_PLAYER
EURO,2024,3384,Switzerland,148252,3384,86,11,8,false,2017-03-25,1315,2643504,CURRENT_NATIONAL_PLAYER
EURO,2024,3436,Denmark,148367,3436,41,2,15,false,2020-09-08,5372,3330696,CURRENT_NATIONAL_PLAYER
EURO,2024,3447,Romania,148372,3447,86,15,10,false,2016-03-23,2107,2675506,CURRENT_NATIONAL_PLAYER
EURO,2024,3468,Hungary,148810,3468,30,1,21,false,2016-11-15,694,2780424,FORMER_NATIONAL_PLAYER
EURO,2024,3588,Slovenia,149829,3588,39,8,24,false,2016-03-23,3632,2695225,FORMER_NATIONAL_PLAYER
EURO,2024,3669,Georgia,150850,3669,62,0,10,false,2015-10-08,10419,2429537,RECENT_NATIONAL_PLAYER
EURO,2024,3556,Croatia,156617,3556,99,7,11,false,2014-06-07,10463,2445268,RETIRED_NATIONAL_PLAYER
EURO,2024,3669,Georgia,156662,3669,10,0,15,false,2024-06-09,12806,4319431,RECENT_NATIONAL_PLAYER
EURO,2024,3383,Austria,156990,3383,10,0,2,false,2020-10-07,2450,3462250,CURRENT_NATIONAL_PLAYER
EURO,2024,3669,Georgia,157391,3669,62,0,5,false,2014-03-05,4994,2437658,FORMER_NATIONAL_PLAYER
EURO,2024,3436,Denmark,157635,3436,87,14,20,false,2013-01-31,179,2289045,FORMER_NATIONAL_PLAYER
EURO,2024,3445,Czechia,157672,3445,61,2,5,false,2017-11-11,2867,2951013,CURRENT_NATIONAL_PLAYER
EURO,2024,3262,Germany,159088,3262,19,0,23,false,2023-11-21,8402,4156977,RECENT_NATIONAL_PLAYER
EURO,2024,3561,Albania,159288,3561,38,1,5,false,2014-11-14,529,2494669,RECENT_NATIONAL_PLAYER
EURO,2024,3262,Germany,159471,3262,59,26,20,false,2016-11-11,495,2643531,CURRENT_NATIONAL_PLAYER
EURO,2024,3375,Spain,15956,3375,56,5,22,false,2009-11-14,40,971550,RETIRED_NATIONAL_PLAYER
EURO,2024,3438,Serbia,160222,3438,21,0,24,false,2015-09-04,3596,2429499,FORMER_NATIONAL_PLAYER
EURO,2024,3556,Croatia,160482,3556,6,0,23,false,2021-09-04,2711,3495282,RECENT_NATIONAL_PLAYER
EURO,2024,3438,Serbia,161011,3438,72,3,11,false,2015-06-07,3596,2576513,CURRENT_NATIONAL_PLAYER
EURO,2024,3262,Germany,161056,3262,108,10,6,true,2016-05-29,495,2660263,CURRENT_NATIONAL_PLAYER
EURO,2024,3436,Denmark,162101,3436,0,0,1,false,None,None,None,FORMER_NATIONAL_PLAYER
EURO,2024,3468,Hungary,162695,3468,47,0,1,false,2014-10-14,23118,2429396,RECENT_NATIONAL_PLAYER
EURO,2024,3561,Albania,165513,3561,70,1,6,true,2015-09-04,529,2429498,CURRENT_NATIONAL_PLAYER
EURO,2024,3699,Ukraine,167722,3699,13,0,14,false,2017-10-06,45350,2697845,FORMER_NATIONAL_PLAYER
EURO,2024,3436,Denmark,167799,3436,95,11,23,false,2014-05-28,179,2462861,CURRENT_NATIONAL_PLAYER
EURO,2024,3379,Netherlands,167850,3379,108,55,10,false,2013-10-15,2029,2262112,RECENT_NATIONAL_PLAYER
EURO,2024,3438,Serbia,168063,3438,34,1,25,false,2012-05-31,3896,1186290,FORMER_NATIONAL_PLAYER
EURO,2024,3468,Hungary,168074,3468,2,0,22,false,2022-11-20,16090,3926451,CURRENT_NATIONAL_PLAYER
EURO,2024,3468,Hungary,168088,3468,70,2,2,false,2014-05-22,10436,2462860,FORMER_NATIONAL_PLAYER
EURO,2024,3503,Slovakia,168408,3503,40,1,5,false,2018-03-25,9865,3024929,RECENT_NATIONAL_PLAYER
EURO,2024,3384,Switzerland,168989,3384,58,5,3,false,2014-10-14,1315,2429395,CURRENT_NATIONAL_PLAYER
EURO,2024,3436,Denmark,16911,3436,120,0,1,false,2013-02-06,179,2289755,RECENT_NATIONAL_PLAYER
EURO,2024,3588,Slovenia,169362,3588,15,0,19,false,2018-10-16,7817,2996544,FORMER_NATIONAL_PLAYER
EURO,2024,3376,Italy,169880,3376,53,5,22,false,2019-10-15,524,3131125,RECENT_NATIONAL_PLAYER
EURO,2024,3438,Serbia,171072,3438,9,0,5,false,2016-05-31,1300,2689748,FORMER_NATIONAL_PLAYER
EURO,2024,3262,Germany,17259,3262,124,0,1,true,2009-06-02,495,936263,RETIRED_NATIONAL_PLAYER
EURO,2024,3561,Albania,172982,3561,18,0,13,false,2015-06-13,529,2494671,CURRENT_NATIONAL_PLAYER
EURO,2024,3588,Slovenia,174522,3588,30,3,13,false,2014-11-18,3632,2522433,CURRENT_NATIONAL_PLAYER
EURO,2024,3377,France,175639,3377,14,2,21,false,2022-03-25,1229,3772975,FORMER_NATIONAL_PLAYER
EURO,2024,3375,Spain,176553,3375,44,2,14,false,2021-06-04,6499,3579715,CURRENT_NATIONAL_PLAYER
EURO,2024,3375,Spain,177467,3375,18,5,9,false,2019-10-15,20727,3149432,FORMER_NATIONAL_PLAYER
EURO,2024,3379,Netherlands,177476,3379,58,5,5,false,2017-05-31,17475,2835943,CURRENT_NATIONAL_PLAYER
EURO,2024,3299,England,177907,3299,66,7,6,false,2017-10-08,3358,2758607,CURRENT_NATIONAL_PLAYER
EURO,2024,3382,Belgium,179184,3382,55,27,23,false,2015-03-28,430,2429442,RECENT_NATIONAL_PLAYER
EURO,2024,3588,Slovenia,179806,3588,32,0,4,false,2018-06-02,7817,3045429,FORMER_NATIONAL_PLAYER
EURO,2024,3588,Slovenia,179860,3588,66,12,9,false,2016-11-11,3632,2758589,CURRENT_NATIONAL_PLAYER
EURO,2024,3442,Poland,181136,3442,107,17,10,false,2013-06-04,2469,2308982,CURRENT_NATIONAL_PLAYER
EURO,2024,3588,Slovenia,181410,3588,39,0,3,false,2018-10-16,7817,2996544,RECENT_NATIONAL_PLAYER
EURO,2024,3300,Portugal,182712,3300,66,12,20,false,2016-09-01,782,2726480,CURRENT_NATIONAL_PLAYER
EURO,2024,3377,France,182906,3377,38,0,16,false,2020-10-07,1229,3450812,CURRENT_NATIONAL_PLAYER
EURO,2024,3377,France,182913,3377,57,7,14,false,2016-11-15,1229,2819141,CURRENT_NATIONAL_PLAYER
EURO,2024,3299,England,183288,3299,34,3,3,false,2014-03-05,1775,2437472,FORMER_NATIONAL_PLAYER
EURO,2024,3384,Switzerland,183321,3384,25,0,2,false,2018-09-08,1315,2992448,FORMER_NATIONAL_PLAYER
EURO,2024,3588,Slovenia,183841,3588,72,2,20,false,2014-11-18,3632,2522433,CURRENT_NATIONAL_PLAYER
EURO,2024,3669,Georgia,186233,3669,42,6,13,false,2016-05-27,2707,2673842,RECENT_NATIONAL_PLAYER
EURO,2024,3383,Austria,186374,3383,25,0,1,false,2019-11-16,2450,3149742,CURRENT_NATIONAL_PLAYER
EURO,2024,3299,England,186590,3299,87,3,5,false,2014-05-30,1775,2437473,CURRENT_NATIONAL_PLAYER
EURO,2024,3503,Slovakia,186901,3503,26,0,12,false,2020-09-07,2858,3330650,CURRENT_NATIONAL_PLAYER
EURO,2024,3669,Georgia,187097,3669,41,8,11,false,2017-01-23,2707,2805317,CURRENT_NATIONAL_PLAYER
EURO,2024,3262,Germany,187492,3262,48,3,14,false,2016-05-29,495,2660263,FORMER_NATIONAL_PLAYER
EURO,2024,3380,Scotland,188077,3380,66,9,11,false,2017-11-09,8268,2950828,CURRENT_NATIONAL_PLAYER
EURO,2024,3588,Slovenia,188180,3588,64,7,7,false,2015-03-30,3632,2551517,CURRENT_NATIONAL_PLAYER
EURO,2024,3438,Serbia,190263,3438,44,0,1,false,2013-08-14,3896,2361938,CURRENT_NATIONAL_PLAYER
EURO,2024,3377,France,191056,3377,4,0,1,false,2023-06-16,1229,3941417,CURRENT_NATIONAL_PLAYER
EURO,2024,3442,Poland,191891,3442,73,17,7,false,2012-10-12,2469,2266086,FORMER_NATIONAL_PLAYER
EURO,2024,3299,England,192080,3299,10,0,22,false,2018-06-07,3358,2988617,FORMER_NATIONAL_PLAYER
EURO,2024,3262,Germany,192565,3262,74,16,19,false,2015-11-13,495,2619640,CURRENT_NATIONAL_PLAYER
EURO,2024,3384,Switzerland,192616,3384,11,0,19,false,2021-09-01,3240,3559671,RECENT_NATIONAL_PLAYER
EURO,2024,3384,Switzerland,192635,3384,65,3,4,false,2016-05-28,1315,2695150,CURRENT_NATIONAL_PLAYER
EURO,2024,3503,Slovakia,192735,3503,73,4,22,false,2016-11-15,9865,2771949,CURRENT_NATIONAL_PLAYER
EURO,2024,3262,Germany,193004,3262,12,0,3,false,2024-03-23,8402,4284932,CURRENT_NATIONAL_PLAYER
EURO,2024,3262,Germany,193033,3262,6,4,9,false,2024-10-11,8402,4284257,FORMER_NATIONAL_PLAYER
EURO,2024,3380,Scotland,193081,3380,6,0,20,false,2024-09-05,2638,4284233,FORMER_NATIONAL_PLAYER
EURO,2024,3375,Spain,193082,3375,12,0,3,false,2023-11-16,20031,4228039,CURRENT_NATIONAL_PLAYER
EURO,2024,3380,Scotland,193116,3380,85,20,7,false,2016-03-29,455,2676675,CURRENT_NATIONAL_PLAYER
EURO,2024,3384,Switzerland,194638,3384,41,4,11,false,2015-10-09,1315,2429551,FORMER_NATIONAL_PLAYER
EURO,2024,3383,Austria,195736,3383,59,1,10,false,2017-03-28,531,2840020,CURRENT_NATIONAL_PLAYER
EURO,2024,3262,Germany,195778,3262,3,0,12,false,2024-10-11,8402,4284257,CURRENT_NATIONAL_PLAYER
EURO,2024,3262,Germany,196357,3262,45,1,4,false,2016-03-26,495,2619638,CURRENT_NATIONAL_PLAYER
EURO,2024,3436,Denmark,196948,3436,80,4,6,false,2015-06-08,179,2531466,RECENT_NATIONAL_PLAYER
EURO,2024,3376,Italy,198116,3376,38,3,3,false,2022-06-04,524,3716444,CURRENT_NATIONAL_PLAYER
EURO,2024,3445,Czechia,198614,3445,21,6,19,false,2023-11-20,3354,3941489,CURRENT_NATIONAL_PLAYER
EURO,2024,3376,Italy,199248,3376,48,2,16,false,2017-10-06,3109,2644429,CURRENT_NATIONAL_PLAYER
EURO,2024,3381,Turkiye,199316,3381,26,2,14,false,2023-06-16,134,3941469,CURRENT_NATIONAL_PLAYER
EURO,2024,3561,Albania,200056,3561,97,2,4,false,2013-02-06,529,2289387,CURRENT_NATIONAL_PLAYER
EURO,2024,3447,Romania,200475,3447,31,0,1,false,2017-11-09,16059,2958229,RECENT_NATIONAL_PLAYER
EURO,2024,3380,Scotland,201574,3380,21,0,1,false,2023-03-25,2638,3941396,CURRENT_NATIONAL_PLAYER
EURO,2024,3438,Serbia,202228,3438,39,1,13,false,2017-11-10,19459,2950180,CURRENT_NATIONAL_PLAYER
EURO,2024,3262,Germany,202591,3262,19,0,23,false,2016-11-11,495,2643531,FORMER_NATIONAL_PLAYER
EURO,2024,3384,Switzerland,203124,3384,0,0,21,false,None,None,None,FORMER_NATIONAL_PLAYER
EURO,2024,3384,Switzerland,203125,3384,2,0,22,false,2024-09-05,3240,4284262,FORMER_NATIONAL_PLAYER
EURO,2024,3299,England,203460,3299,39,4,10,false,2020-09-08,3358,3330696,FORMER_NATIONAL_PLAYER
EURO,2024,3699,Ukraine,203853,3699,75,12,17,false,2015-10-12,5164,2429575,RECENT_NATIONAL_PLAYER
EURO,2024,3503,Slovakia,204047,3503,48,1,21,false,2016-05-27,9865,2673842,CURRENT_NATIONAL_PLAYER
EURO,2024,3503,Slovakia,204069,3503,87,3,14,true,2016-05-27,9865,2673842,CURRENT_NATIONAL_PLAYER
EURO,2024,3381,Turkiye,204189,3381,0,0,12,false,None,None,None,FORMER_NATIONAL_PLAYER
EURO,2024,3503,Slovakia,205054,3503,55,0,6,false,2014-03-05,9865,2445499,CURRENT_NATIONAL_PLAYER
EURO,2024,3556,Croatia,205927,3556,73,0,1,false,2017-01-11,4303,2806149,CURRENT_NATIONAL_PLAYER
EURO,2024,3556,Croatia,205938,3556,83,11,15,false,2014-09-04,10463,2504242,CURRENT_NATIONAL_PLAYER
EURO,2024,3556,Croatia,205940,3556,28,1,20,false,2014-09-04,10463,2504242,FORMER_NATIONAL_PLAYER
EURO,2024,3438,Serbia,206843,3438,61,1,14,false,2013-10-11,3896,2372280,RECENT_NATIONAL_PLAYER
EURO,2024,3699,Ukraine,206888,3699,18,0,1,false,2020-10-07,45350,3450812,RECENT_NATIONAL_PLAYER
EURO,2024,3699,Ukraine,207877,3699,70,10,8,false,2015-03-31,5164,2529874,CURRENT_NATIONAL_PLAYER
EURO,2024,3442,Poland,208166,3442,4,0,22,false,2020-10-07,12950,3462423,CURRENT_NATIONAL_PLAYER
EURO,2024,3442,Poland,208172,3442,6,0,3,false,2022-06-14,2472,3716465,RECENT_NATIONAL_PLAYER
EURO,2024,3447,Romania,208690,3447,46,11,9,false,2018-05-31,16059,3046187,FORMER_NATIONAL_PLAYER
EURO,2024,3380,Scotland,208772,3380,2,0,12,false,2023-10-17,2638,4198454,CURRENT_NATIONAL_PLAYER
EURO,2024,3447,Romania,209649,3447,26,4,22,false,2018-03-24,16059,3024161,RETIRED_NATIONAL_PLAYER
EURO,2024,3699,Ukraine,210689,3699,3,0,11,false,2024-09-07,10892,4284274,RECENT_NATIONAL_PLAYER
EURO,2024,3375,Spain,212862,3375,2,0,13,false,2024-03-22,20031,4317768,CURRENT_NATIONAL_PLAYER
EURO,2024,3447,Romania,213195,3447,52,2,11,false,2017-10-08,16059,2644371,CURRENT_NATIONAL_PLAYER
EURO,2024,3669,Georgia,214250,3669,77,0,2,false,2015-10-08,10419,2429537,RECENT_NATIONAL_PLAYER
EURO,2024,3379,Netherlands,215094,3379,0,0,13,false,None,None,None,RECENT_NATIONAL_PLAYER
EURO,2024,3438,Serbia,215864,3438,30,2,7,false,2017-03-24,1300,2643567,CURRENT_NATIONAL_PLAYER
EURO,2024,3445,Czechia,216278,3445,39,2,3,false,2020-09-07,49283,3330649,CURRENT_NATIONAL_PLAYER
EURO,2024,3381,Turkiye,216603,3381,45,6,17,false,2018-03-23,805,3011752,CURRENT_NATIONAL_PLAYER
EURO,2024,3503,Slovakia,217879,3503,62,0,13,false,2014-11-18,9865,3283405,CURRENT_NATIONAL_PLAYER
EURO,2024,3445,Czechia,218299,3445,10,1,11,false,2017-09-01,2867,2643541,CURRENT_NATIONAL_PLAYER
EURO,2024,3468,Hungary,220635,3468,28,3,9,false,2022-03-24,16090,3772963,FORMER_NATIONAL_PLAYER
EURO,2024,3468,Hungary,220656,3468,53,3,15,false,2015-11-12,694,2634086,FORMER_NATIONAL_PLAYER
EURO,2024,3699,Ukraine,221958,3699,67,17,9,false,2018-09-06,45350,2992450,CURRENT_NATIONAL_PLAYER
EURO,2024,3561,Albania,222209,3561,47,0,1,false,2017-03-24,529,2644419,CURRENT_NATIONAL_PLAYER
EURO,2024,3669,Georgia,222332,3669,47,1,3,false,2015-03-29,10419,2429447,CURRENT_NATIONAL_PLAYER
EURO,2024,3438,Serbia,222805,3438,10,1,15,false,2022-09-24,5528,3716524,RECENT_NATIONAL_PLAYER
EURO,2024,3438,Serbia,222813,3438,30,0,20,false,2016-05-25,1300,2680073,RECENT_NATIONAL_PLAYER
EURO,2024,3383,Austria,223967,3383,56,7,20,false,2019-06-07,2450,3131711,CURRENT_NATIONAL_PLAYER
EURO,2024,3383,Austria,223972,3383,18,0,13,false,2022-03-29,2450,3777969,CURRENT_NATIONAL_PLAYER
EURO,2024,3383,Austria,223974,3383,51,5,5,false,2019-06-10,2450,3149726,CURRENT_NATIONAL_PLAYER
EURO,2024,3383,Austria,223979,3383,50,4,4,false,2018-03-23,2450,3018357,CURRENT_NATIONAL_PLAYER
EURO,2024,3377,France,225083,3377,67,2,13,false,2016-03-25,1229,2661650,CURRENT_NATIONAL_PLAYER
EURO,2024,3300,Portugal,225161,3300,65,1,21,false,2015-11-14,782,2638016,CURRENT_NATIONAL_PLAYER
EURO,2024,3383,Austria,225657,3383,40,3,15,false,2017-10-09,531,2643582,CURRENT_NATIONAL_PLAYER
EURO,2024,3380,Scotland,225744,3380,18,4,9,false,2019-10-10,2638,3149806,RECENT_NATIONAL_PLAYER
EURO,2024,3588,Slovenia,226793,3588,5,0,19,false,2020-11-11,1519,3482760,FORMER_NATIONAL_PLAYER
EURO,2024,3379,Netherlands,228645,3379,51,14,9,false,2018-03-23,439,2971742,CURRENT_NATIONAL_PLAYER
EURO,2024,3380,Scotland,228912,3380,0,0,16,false,None,None,None,FORMER_NATIONAL_PLAYER
EURO,2024,3468,Hungary,229766,3468,4,0,11,false,2024-10-11,16090,4284249,FORMER_NATIONAL_PLAYER
EURO,2024,3300,Portugal,231289,3300,22,3,16,false,2021-09-04,782,3652137,FORMER_NATIONAL_PLAYER
EURO,2024,3300,Portugal,231572,3300,48,0,2,false,2015-10-11,782,2429572,RECENT_NATIONAL_PLAYER
EURO,2024,3381,Turkiye,232320,3381,2,0,19,false,2025-11-15,11795,4510664,CURRENT_NATIONAL_PLAYER
EURO,2024,3503,Slovakia,232418,3503,92,15,8,false,2014-11-18,9865,3283405,CURRENT_NATIONAL_PLAYER
EURO,2024,3380,Scotland,234803,3380,92,4,3,true,2014-03-05,455,2445502,CURRENT_NATIONAL_PLAYER
EURO,2024,3300,Portugal,234811,3300,2,0,22,false,2021-06-09,782,3577695,CURRENT_NATIONAL_PLAYER
EURO,2024,3588,Slovenia,235360,3588,1,0,19,false,2024-01-20,1519,4270810,FORMER_NATIONAL_PLAYER
EURO,2024,3380,Scotland,235767,3380,22,2,15,false,2018-09-07,645,3018178,CURRENT_NATIONAL_PLAYER
EURO,2024,3384,Switzerland,237658,3384,38,2,20,false,2019-11-18,1315,3131169,CURRENT_NATIONAL_PLAYER
EURO,2024,3384,Switzerland,237662,3384,85,23,7,false,2015-03-31,1315,2528454,CURRENT_NATIONAL_PLAYER
EURO,2024,3384,Switzerland,237669,3384,3,0,11,false,2024-03-26,3240,4244685,FORMER_NATIONAL_PLAYER
EURO,2024,3556,Croatia,238266,3556,38,1,5,false,2018-06-03,2711,3046190,CURRENT_NATIONAL_PLAYER
EURO,2024,3442,Poland,239743,3442,51,3,19,false,2018-03-23,4119,2984659,RECENT_NATIONAL_PLAYER
EURO,2024,3503,Slovakia,239941,3503,51,8,17,false,2019-06-07,2858,3193340,CURRENT_NATIONAL_PLAYER
EURO,2024,3503,Slovakia,239962,3503,32,2,3,false,2017-01-08,9865,2921766,CURRENT_NATIONAL_PLAYER
EURO,2024,3300,Portugal,240306,3300,87,28,8,false,2017-11-10,782,2969738,CURRENT_NATIONAL_PLAYER
EURO,2024,3376,Italy,240414,3376,3,0,12,false,2019-11-18,524,3131130,CURRENT_NATIONAL_PLAYER
EURO,2024,3447,Romania,241254,3447,0,0,8,false,None,None,None,FORMER_NATIONAL_PLAYER
EURO,2024,3300,Portugal,241641,3300,107,14,10,false,2015-03-31,782,2549775,RECENT_NATIONAL_PLAYER
EURO,2024,3445,Czechia,242063,3445,30,8,18,false,2020-11-11,3354,3485747,RECENT_NATIONAL_PLAYER
EURO,2024,3445,Czechia,242086,3445,52,25,10,false,2016-05-27,4861,2695223,CURRENT_NATIONAL_PLAYER
EURO,2024,3445,Czechia,242089,3445,14,0,1,false,2021-09-05,3354,3495291,RECENT_NATIONAL_PLAYER
EURO,2024,3442,Poland,243028,3442,74,1,5,false,2017-09-04,4119,2644367,CURRENT_NATIONAL_PLAYER
EURO,2024,3503,Slovakia,243188,3503,40,2,10,false,2017-06-10,9865,2758596,CURRENT_NATIONAL_PLAYER
EURO,2024,3377,France,243714,3377,61,8,7,false,2015-11-13,1229,2619640,RECENT_NATIONAL_PLAYER
EURO,2024,3380,Scotland,244260,3380,0,0,12,false,None,None,None,RECENT_NATIONAL_PLAYER
EURO,2024,3699,Ukraine,244271,3699,11,0,4,false,2023-03-26,63932,3941438,CURRENT_NATIONAL_PLAYER
EURO,2024,3381,Turkiye,244940,3381,28,1,5,false,2022-03-29,134,3777947,CURRENT_NATIONAL_PLAYER
EURO,2024,3438,Serbia,245030,3438,2,0,6,false,2021-03-24,5528,3495171,FORMER_NATIONAL_PLAYER
EURO,2024,3588,Slovenia,245034,3588,33,1,5,false,2020-10-07,1519,3393300,CURRENT_NATIONAL_PLAYER
EURO,2024,3438,Serbia,245056,3438,62,2,10,false,2018-09-07,19459,2992457,CURRENT_NATIONAL_PLAYER
EURO,2024,3588,Slovenia,245083,3588,4,0,8,false,2017-09-04,3632,2758601,FORMER_NATIONAL_PLAYER
EURO,2024,3442,Poland,246579,3442,21,3,8,false,2015-09-07,4119,2429519,RECENT_NATIONAL_PLAYER
EURO,2024,3375,Spain,246968,3375,5,2,9,false,2024-06-05,20031,4347242,FORMER_NATIONAL_PLAYER
EURO,2024,3384,Switzerland,247555,3384,34,2,17,false,2016-11-13,1315,2643502,FORMER_NATIONAL_PLAYER
EURO,2024,3384,Switzerland,247915,3384,4,0,21,false,2020-10-07,1315,3393396,FORMER_NATIONAL_PLAYER
EURO,2024,3381,Turkiye,248271,3381,5,1,9,false,2023-03-25,134,3941464,FORMER_NATIONAL_PLAYER
EURO,2024,3442,Poland,248395,3442,3,0,2,false,2020-10-07,12950,3462423,FORMER_NATIONAL_PLAYER
EURO,2024,3442,Poland,248732,3442,17,0,3,false,2015-11-17,4119,2633012,RECENT_NATIONAL_PLAYER
EURO,2024,3468,Hungary,249030,3468,30,4,16,false,2019-09-05,16090,3254347,RECENT_NATIONAL_PLAYER
EURO,2024,3382,Belgium,249565,3382,83,12,8,true,2016-11-09,4328,2769751,CURRENT_NATIONAL_PLAYER
EURO,2024,3300,Portugal,249994,3300,4,0,12,false,2023-11-16,4328,3941674,CURRENT_NATIONAL_PLAYER
EURO,2024,3669,Georgia,250907,3669,15,1,5,false,2017-01-23,2707,2805317,FORMER_NATIONAL_PLAYER
EURO,2024,3669,Georgia,251029,3669,42,4,11,false,2017-01-23,2707,2805317,RECENT_NATIONAL_PLAYER
EURO,2024,3381,Turkiye,251075,3381,59,3,2,false,2018-06-05,805,2991010,CURRENT_NATIONAL_PLAYER
EURO,2024,3381,Turkiye,251106,3381,34,3,9,false,2015-03-31,253,2533015,FORMER_NATIONAL_PLAYER
EURO,2024,3384,Switzerland,251322,3384,0,0,21,false,None,None,None,FORMER_NATIONAL_PLAYER
EURO,2024,3299,England,251664,3299,7,1,14,false,2023-03-26,3358,3941438,RECENT_NATIONAL_PLAYER
EURO,2024,3384,Switzerland,254955,3384,6,1,9,false,2024-06-04,3240,4311619,FORMER_NATIONAL_PLAYER
EURO,2024,3561,Albania,254985,3561,26,3,15,false,2019-11-14,3158,3149772,FORMER_NATIONAL_PLAYER
EURO,2024,3380,Scotland,255906,3380,48,1,16,false,2018-03-23,645,2993268,CURRENT_NATIONAL_PLAYER
EURO,2024,3376,Italy,255942,3376,70,10,18,false,2018-10-10,524,3052638,CURRENT_NATIONAL_PLAYER
EURO,2024,3299,England,256178,3299,15,0,22,false,2017-11-10,3358,2958155,FORMER_NATIONAL_PLAYER
EURO,2024,3556,Croatia,256358,3556,42,11,17,false,2019-03-21,2711,3131175,FORMER_NATIONAL_PLAYER
EURO,2024,3376,Italy,256448,3376,20,2,23,false,2019-03-26,524,3131107,CURRENT_NATIONAL_PLAYER
EURO,2024,3438,Serbia,256567,3438,1,0,21,false,2016-11-15,1300,2780565,FORMER_NATIONAL_PLAYER
EURO,2024,3300,Portugal,257455,3300,37,2,6,false,2021-03-24,782,3495170,RECENT_NATIONAL_PLAYER
EURO,2024,3438,Serbia,257462,3438,52,11,8,false,2018-06-04,19459,3046188,CURRENT_NATIONAL_PLAYER
EURO,2024,3438,Serbia,257474,3438,20,0,23,false,2021-11-11,5528,3696018,CURRENT_NATIONAL_PLAYER
EURO,2024,3669,Georgia,25758,3669,100,10,20,true,2004-09-08,642,986182,FORMER_NATIONAL_PLAYER
EURO,2024,3384,Switzerland,257814,3384,20,0,1,false,2021-09-01,3240,3559671,CURRENT_NATIONAL_PLAYER
EURO,2024,3300,Portugal,258004,3300,74,3,3,false,2018-05-28,782,3045691,RECENT_NATIONAL_PLAYER
EURO,2024,3561,Albania,258608,3561,2,0,12,false,2022-06-13,3158,3819553,CURRENT_NATIONAL_PLAYER
EURO,2024,3299,England,258889,3299,5,0,22,false,2017-11-14,3358,2959067,CURRENT_NATIONAL_PLAYER
EURO,2024,3299,England,258919,3299,4,0,13,false,2020-11-12,3358,3486198,CURRENT_NATIONAL_PLAYER
EURO,2024,3299,England,258923,3299,70,18,11,false,2016-05-27,1775,2676673,CURRENT_NATIONAL_PLAYER
EURO,2024,3442,Poland,259881,3442,18,2,17,false,2018-09-07,12950,2992447,FORMER_NATIONAL_PLAYER
EURO,2024,3468,Hungary,260051,3468,36,3,18,false,2019-11-15,16090,3280708,CURRENT_NATIONAL_PLAYER
EURO,2024,3436,Denmark,260827,3436,49,2,2,false,2019-10-15,592,3268694,CURRENT_NATIONAL_PLAYER
EURO,2024,3436,Denmark,260846,3436,0,0,2,false,None,None,None,FORMER_NATIONAL_PLAYER
EURO,2024,3375,Spain,261504,3375,8,0,8,false,2023-11-16,20031,4228039,RECENT_NATIONAL_PLAYER
EURO,2024,3445,Czechia,261913,3445,5,0,4,false,2021-09-08,3354,3652165,FORMER_NATIONAL_PLAYER
EURO,2024,3382,Belgium,262226,3382,62,2,21,false,2018-09-07,4328,3018178,CURRENT_NATIONAL_PLAYER
EURO,2024,3375,Spain,262396,3375,57,0,23,false,2020-11-11,6499,3467408,CURRENT_NATIONAL_PLAYER
EURO,2024,3375,Spain,262749,3375,12,0,1,false,2022-03-26,6499,3772990,CURRENT_NATIONAL_PLAYER
EURO,2024,3383,Austria,263236,3383,31,0,4,false,2017-09-02,531,2643575,CURRENT_NATIONAL_PLAYER
EURO,2024,3383,Austria,263361,3383,31,0,2,false,2017-10-06,531,2643581,CURRENT_NATIONAL_PLAYER
EURO,2024,3468,Hungary,263367,3468,0,0,12,false,None,None,None,RECENT_NATIONAL_PLAYER
EURO,2024,3468,Hungary,263369,3468,0,0,2,false,None,None,None,FORMER_NATIONAL_PLAYER
EURO,2024,3468,Hungary,263380,3468,49,2,4,false,2019-11-15,16090,3280708,CURRENT_NATIONAL_PLAYER
EURO,2024,3699,Ukraine,264372,3699,65,13,15,false,2016-11-12,45350,2643943,CURRENT_NATIONAL_PLAYER
EURO,2024,3445,Czechia,264559,3445,4,1,7,false,2022-11-16,3354,3926439,FORMER_NATIONAL_PLAYER
EURO,2024,3376,Italy,265088,3376,36,3,5,false,2020-09-07,524,3330694,CURRENT_NATIONAL_PLAYER
EURO,2024,3438,Serbia,266302,3438,56,9,20,false,2017-11-10,19459,2950180,CURRENT_NATIONAL_PLAYER
EURO,2024,3442,Poland,267160,3442,25,7,15,false,2021-09-02,8369,3495265,RECENT_NATIONAL_PLAYER
EURO,2024,3383,Austria,268426,3383,0,0,4,false,None,None,None,FORMER_NATIONAL_PLAYER
EURO,2024,3588,Slovenia,268429,3588,44,5,8,false,2020-10-07,1519,3393300,RECENT_NATIONAL_PLAYER
EURO,2024,3447,Romania,271284,3447,27,2,4,false,2014-05-31,3702,2452062,RECENT_NATIONAL_PLAYER
EURO,2024,3447,Romania,271289,3447,0,0,16,false,2026-03-31,None,None,CURRENT_NATIONAL_PLAYER
EURO,2024,3381,Turkiye,271495,3381,14,0,20,false,2019-05-30,2332,3186161,FORMER_NATIONAL_PLAYER
EURO,2024,3445,Czechia,272261,3445,44,11,7,false,2016-11-15,2867,2780385,FORMER_NATIONAL_PLAYER
EURO,2024,3262,Germany,272278,3262,9,0,14,false,2023-10-14,8402,4082540,CURRENT_NATIONAL_PLAYER
EURO,2024,3262,Germany,273132,3262,24,2,21,false,2020-09-03,495,3330683,RECENT_NATIONAL_PLAYER
EURO,2024,3438,Serbia,273152,3438,60,1,5,false,2016-03-23,3596,2665310,CURRENT_NATIONAL_PLAYER
EURO,2024,3447,Romania,274694,3447,27,2,5,false,2018-03-27,16059,3018808,RECENT_NATIONAL_PLAYER
EURO,2024,3556,Croatia,27992,3556,196,28,10,true,2006-03-01,2690,1059981,CURRENT_NATIONAL_PLAYER
EURO,2024,3384,Switzerland,280387,3384,15,1,16,false,2024-03-26,3240,4244685,CURRENT_NATIONAL_PLAYER
EURO,2024,3442,Poland,280939,3442,5,1,13,false,2018-03-27,4119,2984935,FORMER_NATIONAL_PLAYER
EURO,2024,3377,France,281963,3377,41,0,21,false,2018-03-23,1229,2991905,CURRENT_NATIONAL_PLAYER
EURO,2024,3447,Romania,282076,3447,53,8,14,true,2018-11-17,16059,2996553,CURRENT_NATIONAL_PLAYER
EURO,2024,3556,Croatia,282144,3556,18,0,3,false,2020-11-11,2711,3484332,CURRENT_NATIONAL_PLAYER
EURO,2024,3375,Spain,282411,3375,23,0,5,false,2020-11-11,6499,3467408,CURRENT_NATIONAL_PLAYER
EURO,2024,3262,Germany,282660,3262,15,1,18,false,2024-03-23,8402,4284932,RECENT_NATIONAL_PLAYER
EURO,2024,3436,Denmark,283196,3436,56,12,12,false,2016-11-11,592,2644354,RECENT_NATIONAL_PLAYER
EURO,2024,3436,Denmark,283233,3436,0,0,6,false,None,None,None,FORMER_NATIONAL_PLAYER
EURO,2024,3445,Czechia,283621,3445,5,1,18,false,2019-10-14,3354,3267030,FORMER_NATIONAL_PLAYER
EURO,2024,3445,Czechia,283628,3445,89,17,22,false,2016-11-15,2867,2780385,CURRENT_NATIONAL_PLAYER
EURO,2024,3376,Italy,283735,3376,13,1,20,false,2022-03-29,524,3777947,RECENT_NATIONAL_PLAYER
EURO,2024,3379,Netherlands,284165,3379,35,8,25,false,2018-10-13,439,2996607,FORMER_NATIONAL_PLAYER
EURO,2024,3384,Switzerland,284730,3384,79,4,5,false,2017-06-09,1315,2643508,CURRENT_NATIONAL_PLAYER
EURO,2024,3375,Spain,284857,3375,23,1,24,false,2021-06-08,20031,3577689,CURRENT_NATIONAL_PLAYER
EURO,2024,3376,Italy,286047,3376,5,0,14,false,2024-03-24,517,4282957,RECENT_NATIONAL_PLAYER
EURO,2024,3376,Italy,286297,3376,36,6,10,false,2017-06-11,3109,2644420,FORMER_NATIONAL_PLAYER
EURO,2024,3699,Ukraine,287792,3699,26,1,18,false,2020-09-03,45350,3330684,CURRENT_NATIONAL_PLAYER
EURO,2024,3377,France,288230,3377,58,7,7,false,2016-09-01,1229,2691521,CURRENT_NATIONAL_PLAYER
EURO,2024,3561,Albania,288597,3561,26,6,9,false,2023-03-27,24104,3941480,CURRENT_NATIONAL_PLAYER
EURO,2024,3699,Ukraine,289059,3699,82,0,22,false,2017-03-24,45350,2643945,RECENT_NATIONAL_PLAYER
EURO,2024,3699,Ukraine,289075,3699,45,3,20,false,2020-10-07,45350,3450812,CURRENT_NATIONAL_PLAYER
EURO,2024,3447,Romania,289308,3447,45,1,15,false,2020-09-07,40857,3330647,CURRENT_NATIONAL_PLAYER
EURO,2024,3382,Belgium,289592,3382,23,0,18,false,2022-03-26,4328,3739300,FORMER_NATIONAL_PLAYER
EURO,2024,3436,Denmark,289835,3436,2,0,6,false,2021-11-15,5372,3495797,FORMER_NATIONAL_PLAYER
EURO,2024,3561,Albania,290552,3561,46,4,14,false,2020-09-07,3158,3330598,CURRENT_NATIONAL_PLAYER
EURO,2024,3503,Slovakia,291234,3503,10,0,10,false,2023-03-23,33804,3941938,FORMER_NATIONAL_PLAYER
EURO,2024,3377,France,291417,3377,10,0,3,false,2018-11-20,1229,3126056,FORMER_NATIONAL_PLAYER
EURO,2024,3381,Turkiye,292199,3381,38,0,23,false,2019-05-30,2332,3186161,CURRENT_NATIONAL_PLAYER
EURO,2024,3445,Czechia,292779,3445,37,3,14,false,2020-09-04,3354,3330642,CURRENT_NATIONAL_PLAYER
EURO,2024,3382,Belgium,292808,3382,28,0,4,false,2022-06-08,4328,3716450,RECENT_NATIONAL_PLAYER
EURO,2024,3556,Croatia,293194,3556,27,2,19,false,2021-09-01,2711,3495255,RECENT_NATIONAL_PLAYER
EURO,2024,3556,Croatia,293200,3556,61,10,13,false,2017-05-28,4303,2861028,CURRENT_NATIONAL_PLAYER
EURO,2024,3436,Denmark,293281,3436,8,1,11,false,2019-03-21,592,3168748,RECENT_NATIONAL_PLAYER
EURO,2024,3445,Czechia,293357,3445,1,0,23,false,2025-11-13,70124,4767435,CURRENT_NATIONAL_PLAYER
EURO,2024,3375,Spain,293385,3375,48,12,10,false,2019-11-15,20727,3149435,CURRENT_NATIONAL_PLAYER
EURO,2024,3380,Scotland,293746,3380,2,0,22,false,2024-06-03,2638,4272597,CURRENT_NATIONAL_PLAYER
EURO,2024,3299,England,294057,3299,7,0,19,false,2019-11-14,3358,3148813,FORMER_NATIONAL_PLAYER
EURO,2024,3699,Ukraine,294730,3699,14,0,3,false,2020-09-03,45350,3330684,CURRENT_NATIONAL_PLAYER
EURO,2024,3699,Ukraine,294780,3699,13,0,14,false,2022-06-08,21415,3716491,CURRENT_NATIONAL_PLAYER
EURO,2024,3381,Turkiye,295024,3381,18,1,4,false,2022-11-19,134,3941385,CURRENT_NATIONAL_PLAYER
EURO,2024,3447,Romania,295183,3447,73,12,18,false,2016-10-08,38,2644347,CURRENT_NATIONAL_PLAYER
EURO,2024,3561,Albania,295622,3561,29,2,7,false,2018-03-26,23364,3023891,FORMER_NATIONAL_PLAYER
EURO,2024,3447,Romania,295810,3447,38,4,8,false,2018-03-24,16059,3024161,FORMER_NATIONAL_PLAYER
EURO,2024,3699,Ukraine,296366,3699,16,6,7,false,2024-03-21,10892,4231219,CURRENT_NATIONAL_PLAYER
EURO,2024,3384,Switzerland,298583,3384,20,0,18,false,2019-11-18,1315,3131169,CURRENT_NATIONAL_PLAYER
EURO,2024,3384,Switzerland,298603,3384,8,0,2,false,2024-11-18,3240,4284259,CURRENT_NATIONAL_PLAYER
EURO,2024,3468,Hungary,300508,3468,1,0,15,false,2022-11-20,16090,3926451,FORMER_NATIONAL_PLAYER
EURO,2024,3380,Scotland,300716,3380,55,2,6,false,2016-03-29,455,2676675,CURRENT_NATIONAL_PLAYER
EURO,2024,3376,Italy,301238,3376,0,0,12,false,None,None,None,FORMER_NATIONAL_PLAYER
EURO,2024,3382,Belgium,303259,3382,29,5,14,false,2020-11-11,4328,3393397,CURRENT_NATIONAL_PLAYER
EURO,2024,3561,Albania,304144,3561,1,0,23,false,2022-11-09,3158,3958370,RECENT_NATIONAL_PLAYER
EURO,2024,3561,Albania,308278,3561,44,10,7,false,2015-11-16,529,2639664,RECENT_NATIONAL_PLAYER
EURO,2024,3588,Slovenia,309180,3588,29,4,17,false,2021-06-01,1519,3577074,RECENT_NATIONAL_PLAYER
EURO,2024,3262,Germany,309400,3262,57,21,7,false,2018-09-09,495,3094886,CURRENT_NATIONAL_PLAYER
EURO,2024,3380,Scotland,311351,3380,7,0,18,false,2018-05-30,645,3046186,FORMER_NATIONAL_PLAYER
EURO,2024,3447,Romania,314329,3447,28,5,19,false,2014-05-31,3702,2452062,CURRENT_NATIONAL_PLAYER
EURO,2024,3299,England,314353,3299,34,4,16,false,2018-06-07,3358,2988617,RECENT_NATIONAL_PLAYER
EURO,2024,3299,England,314875,3299,22,1,20,false,2022-06-04,3358,3716443,CURRENT_NATIONAL_PLAYER
EURO,2024,3379,Netherlands,315121,3379,8,0,13,false,2021-09-01,2029,3495252,CURRENT_NATIONAL_PLAYER
EURO,2024,3561,Albania,315289,3561,47,6,11,false,2018-10-10,23364,3115951,CURRENT_NATIONAL_PLAYER
EURO,2024,3376,Italy,315853,3376,43,3,21,false,2020-11-11,524,3485234,CURRENT_NATIONAL_PLAYER
EURO,2024,3376,Italy,315858,3376,81,0,1,true,2016-09-01,3109,2691521,CURRENT_NATIONAL_PLAYER
EURO,2024,3376,Italy,315867,3376,22,1,9,false,2021-09-08,524,3495398,CURRENT_NATIONAL_PLAYER
EURO,2024,3380,Scotland,315969,3380,69,14,4,false,2018-03-23,645,2993268,CURRENT_NATIONAL_PLAYER
EURO,2024,3299,England,316125,3299,21,1,3,false,2018-09-11,3358,3105020,FORMER_NATIONAL_PLAYER
EURO,2024,3503,Slovakia,316884,3503,5,0,23,false,2019-06-07,2858,3193340,FORMER_NATIONAL_PLAYER
EURO,2024,3556,Croatia,316934,3556,9,0,8,false,2022-03-29,2711,3773013,CURRENT_NATIONAL_PLAYER
EURO,2024,3262,Germany,318204,3262,36,1,22,false,2021-09-05,67,3495293,CURRENT_NATIONAL_PLAYER
EURO,2024,3377,France,318528,3377,33,3,9,false,2020-11-11,1229,3486048,CURRENT_NATIONAL_PLAYER
EURO,2024,3262,Germany,31909,3262,114,17,8,false,2010-03-03,495,982185,FORMER_NATIONAL_PLAYER
EURO,2024,3669,Georgia,319450,3669,16,0,18,false,2021-09-05,12806,3495289,CURRENT_NATIONAL_PLAYER
EURO,2024,3436,Denmark,319859,3436,31,1,7,false,2020-10-07,5372,3462420,CURRENT_NATIONAL_PLAYER
EURO,2024,3381,Turkiye,320141,3381,59,2,4,false,2016-03-24,253,2665227,RECENT_NATIONAL_PLAYER
EURO,2024,3442,Poland,320748,3442,52,6,20,false,2019-09-09,12950,3149733,CURRENT_NATIONAL_PLAYER
EURO,2024,3588,Slovenia,320854,3588,36,2,10,false,2021-10-08,1519,3495474,CURRENT_NATIONAL_PLAYER
EURO,2024,3588,Slovenia,320859,3588,13,0,4,false,2020-10-07,1519,3393300,RECENT_NATIONAL_PLAYER
EURO,2024,3588,Slovenia,320864,3588,2,0,3,false,2021-06-04,1519,3548692,RECENT_NATIONAL_PLAYER
EURO,2024,3445,Czechia,321195,3445,25,1,13,false,2022-03-24,3354,3704056,RECENT_NATIONAL_PLAYER
EURO,2024,3445,Czechia,321204,3445,33,1,18,false,2021-06-04,3354,3571151,CURRENT_NATIONAL_PLAYER
EURO,2024,3379,Netherlands,321528,3379,71,11,22,false,2018-10-13,439,2996607,CURRENT_NATIONAL_PLAYER
EURO,2024,3588,Slovenia,322288,3588,10,0,14,false,2020-09-06,1519,3330595,RECENT_NATIONAL_PLAYER
EURO,2024,3383,Austria,322655,3383,3,0,3,false,2023-03-27,196,3941509,FORMER_NATIONAL_PLAYER
EURO,2024,3376,Italy,323167,3376,0,0,2,false,None,None,None,RECENT_NATIONAL_PLAYER
EURO,2024,3447,Romania,324214,3447,8,0,22,false,2019-11-15,16059,3149434,FORMER_NATIONAL_PLAYER
EURO,2024,3383,Austria,324278,3383,58,19,19,false,2020-09-04,2450,3330639,CURRENT_NATIONAL_PLAYER
EURO,2024,3299,England,324358,3299,20,6,19,false,2021-03-25,3358,3495189,RECENT_NATIONAL_PLAYER
EURO,2024,3503,Slovakia,325896,3503,0,0,23,false,None,None,None,FORMER_NATIONAL_PLAYER
EURO,2024,3379,Netherlands,326029,3379,51,13,18,false,2019-09-06,439,3148865,CURRENT_NATIONAL_PLAYER
EURO,2024,3379,Netherlands,326031,3379,52,2,6,false,2017-03-25,1870,2643474,RECENT_NATIONAL_PLAYER
EURO,2024,3379,Netherlands,326330,3379,64,2,21,false,2018-09-06,439,3035896,RECENT_NATIONAL_PLAYER
EURO,2024,3442,Poland,327757,3442,39,12,23,false,2018-09-11,12950,3104814,CURRENT_NATIONAL_PLAYER
EURO,2024,3375,Spain,328480,3375,0,0,10,false,None,None,None,FORMER_NATIONAL_PLAYER
EURO,2024,3468,Hungary,328573,3468,28,13,19,false,2023-03-27,16090,3941522,CURRENT_NATIONAL_PLAYER
EURO,2024,3262,Germany,328784,3262,15,0,3,false,2019-10-09,495,3266636,RECENT_NATIONAL_PLAYER
EURO,2024,3669,Georgia,329630,3669,23,1,19,false,2019-10-12,2707,3131163,RECENT_NATIONAL_PLAYER
EURO,2024,3442,Poland,330126,3442,49,14,7,false,2021-03-28,8369,3495215,CURRENT_NATIONAL_PLAYER
EURO,2024,3379,Netherlands,330659,3379,11,0,19,false,2018-03-26,439,2993264,RECENT_NATIONAL_PLAYER
EURO,2024,3381,Turkiye,330871,3381,0,0,23,false,None,None,None,CURRENT_NATIONAL_PLAYER
EURO,2024,3375,Spain,331505,3375,4,0,14,false,2021-06-08,20031,3577689,RECENT_NATIONAL_PLAYER
EURO,2024,3468,Hungary,332798,3468,66,15,20,false,2016-05-20,694,2691391,CURRENT_NATIONAL_PLAYER
EURO,2024,3262,Germany,333647,3262,5,0,10,false,2024-10-11,8402,4284257,RECENT_NATIONAL_PLAYER
EURO,2024,3384,Switzerland,334526,3384,63,3,6,false,2016-05-28,1315,2695150,CURRENT_NATIONAL_PLAYER
EURO,2024,3445,Czechia,334802,3445,30,3,11,false,2021-10-08,3354,3495468,RECENT_NATIONAL_PLAYER
EURO,2024,3381,Turkiye,336077,3381,11,0,12,false,2021-05-27,2332,3552119,CURRENT_NATIONAL_PLAYER
EURO,2024,3438,Serbia,336382,3438,9,2,21,false,2021-06-07,5528,3570848,CURRENT_NATIONAL_PLAYER
EURO,2024,3445,Czechia,337333,3445,48,2,21,false,2019-03-26,3354,3172358,RECENT_NATIONAL_PLAYER
EURO,2024,3375,Spain,338424,3375,41,10,6,false,2020-09-03,6499,3330683,RECENT_NATIONAL_PLAYER
EURO,2024,3382,Belgium,338629,3382,4,0,15,false,2020-10-08,4328,3459281,FORMER_NATIONAL_PLAYER
EURO,2024,3262,Germany,339314,3262,7,4,13,false,2024-03-23,8402,4284932,CURRENT_NATIONAL_PLAYER
EURO,2024,3379,Netherlands,339332,3379,15,3,17,false,2021-10-08,2029,3495471,CURRENT_NATIONAL_PLAYER
EURO,2024,3377,France,339808,3377,42,2,22,false,2021-09-07,1229,3495385,CURRENT_NATIONAL_PLAYER
EURO,2024,3588,Slovenia,340415,3588,14,0,19,false,2022-03-29,1519,3773011,CURRENT_NATIONAL_PLAYER
EURO,2024,3588,Slovenia,340427,3588,17,0,19,false,2021-11-14,1519,3495785,FORMER_NATIONAL_PLAYER
EURO,2024,3381,Turkiye,340879,3381,61,6,3,false,2018-11-20,805,3094887,CURRENT_NATIONAL_PLAYER
EURO,2024,3300,Portugal,340950,3300,49,14,21,false,2019-11-14,782,3136927,RECENT_NATIONAL_PLAYER
EURO,2024,3447,Romania,340977,3447,9,1,5,false,2021-09-05,40857,3495294,CURRENT_NATIONAL_PLAYER
EURO,2024,3447,Romania,340982,3447,20,2,17,false,2019-10-12,16059,3149427,FORMER_NATIONAL_PLAYER
EURO,2024,3376,Italy,341092,3376,51,7,14,false,2018-03-23,20218,2997015,FORMER_NATIONAL_PLAYER
EURO,2024,3588,Slovenia,341535,3588,5,0,1,false,2024-01-20,1519,4270810,CURRENT_NATIONAL_PLAYER
EURO,2024,3377,France,342229,3377,96,56,10,true,2017-03-25,1229,2643475,CURRENT_NATIONAL_PLAYER
EURO,2024,3436,Denmark,342389,3436,9,3,20,false,2021-11-12,5372,3495653,CURRENT_NATIONAL_PLAYER
EURO,2024,3468,Hungary,342989,3468,2,0,9,false,2024-11-16,16090,4284246,FORMER_NATIONAL_PLAYER
EURO,2024,3699,Ukraine,343151,3699,14,1,21,false,2024-10-11,10892,4284275,CURRENT_NATIONAL_PLAYER
EURO,2024,3699,Ukraine,343537,3699,40,11,11,false,2021-03-31,45350,3495235,RECENT_NATIONAL_PLAYER
EURO,2024,3445,Czechia,343558,3445,2,0,2,false,2022-11-16,3354,3926439,FORMER_NATIONAL_PLAYER
EURO,2024,3438,Serbia,343953,3438,1,0,12,false,2021-06-07,5528,3570848,FORMER_NATIONAL_PLAYER
EURO,2024,3438,Serbia,343959,3438,5,0,13,false,2022-06-05,5528,3716494,FORMER_NATIONAL_PLAYER
EURO,2024,3503,Slovakia,344321,3503,6,0,4,false,2023-03-23,33804,3941938,FORMER_NATIONAL_PLAYER
EURO,2024,3377,France,344381,3377,18,2,18,false,2022-03-25,1229,3772975,RECENT_NATIONAL_PLAYER
EURO,2024,3377,France,344695,3377,36,2,4,false,2020-09-05,1229,3330690,CURRENT_NATIONAL_PLAYER
EURO,2024,3503,Slovakia,344806,3503,21,0,11,false,2023-09-11,33804,3941660,CURRENT_NATIONAL_PLAYER
EURO,2024,3669,Georgia,345189,3669,30,3,4,false,2021-09-05,12806,3495289,CURRENT_NATIONAL_PLAYER
EURO,2024,3442,Poland,345449,3442,8,1,2,false,2021-03-28,8369,3495215,FORMER_NATIONAL_PLAYER
EURO,2024,3442,Poland,345452,3442,0,0,22,false,None,None,None,CURRENT_NATIONAL_PLAYER
EURO,2024,3442,Poland,345458,3442,10,1,4,false,2020-10-07,12950,3462423,RECENT_NATIONAL_PLAYER
EURO,2024,3384,Switzerland,345468,3384,18,1,9,false,2021-09-01,3240,3559671,RECENT_NATIONAL_PLAYER
EURO,2024,3384,Switzerland,345886,3384,60,11,17,false,2019-09-08,1315,3131162,CURRENT_NATIONAL_PLAYER
EURO,2024,3445,Czechia,345911,3445,25,5,7,true,2022-03-24,3354,3704056,CURRENT_NATIONAL_PLAYER
EURO,2024,3380,Scotland,346779,3380,46,11,10,false,2021-03-25,2638,3495187,CURRENT_NATIONAL_PLAYER
EURO,2024,3383,Austria,346853,3383,33,3,18,false,2022-09-22,196,3716469,CURRENT_NATIONAL_PLAYER
EURO,2024,3384,Switzerland,346890,3384,24,2,23,false,2019-06-09,1315,3193695,CURRENT_NATIONAL_PLAYER
EURO,2024,3380,Scotland,347138,3380,50,10,9,false,2020-09-04,2638,3330641,CURRENT_NATIONAL_PLAYER
EURO,2024,3300,Portugal,347253,3300,0,0,9,false,None,None,None,FORMER_NATIONAL_PLAYER
EURO,2024,3379,Netherlands,347900,3379,17,0,16,false,2022-06-08,2029,3716449,CURRENT_NATIONAL_PLAYER
EURO,2024,3375,Spain,350219,3375,41,6,8,false,2019-06-07,20727,3131708,RECENT_NATIONAL_PLAYER
EURO,2024,3382,Belgium,35047,3382,136,12,6,false,2008-03-26,1439,2779964,CURRENT_NATIONAL_PLAYER
EURO,2024,3375,Spain,351478,3375,52,24,21,false,2016-05-29,40,2693348,CURRENT_NATIONAL_PLAYER
EURO,2024,3375,Spain,351809,3375,27,1,3,false,2023-06-15,20031,4014330,RECENT_NATIONAL_PLAYER
EURO,2024,3669,Georgia,352596,3669,52,4,8,false,2017-01-23,2707,2805317,CURRENT_NATIONAL_PLAYER
EURO,2024,3377,France,353366,3377,55,5,2,false,2017-11-10,1229,2969572,RECENT_NATIONAL_PLAYER
EURO,2024,3381,Turkiye,353922,3381,43,3,18,false,2018-10-11,805,3105074,CURRENT_NATIONAL_PLAYER
EURO,2024,3503,Slovakia,355656,3503,10,1,15,false,2021-11-14,16220,3495784,FORMER_NATIONAL_PLAYER
EURO,2024,3556,Croatia,357003,3556,12,1,25,false,2022-06-06,2711,3716447,CURRENT_NATIONAL_PLAYER
EURO,2024,3377,France,357119,3377,27,0,15,false,2022-06-10,1229,3716456,CURRENT_NATIONAL_PLAYER
EURO,2024,3300,Portugal,357147,3300,33,3,5,false,2021-06-23,782,3287222,CURRENT_NATIONAL_PLAYER
EURO,2024,3300,Portugal,357153,3300,42,0,1,false,2021-10-09,782,3672821,RECENT_NATIONAL_PLAYER
EURO,2024,3300,Portugal,357156,3300,0,0,5,false,None,None,None,FORMER_NATIONAL_PLAYER
EURO,2024,3300,Portugal,357164,3300,43,5,17,false,2021-10-09,782,3672821,RECENT_NATIONAL_PLAYER
EURO,2024,3438,Serbia,357498,3438,41,16,23,false,2020-10-11,4481,3330656,RECENT_NATIONAL_PLAYER
EURO,2024,3375,Spain,357565,3375,61,4,16,false,2018-03-23,6615,2959076,CURRENT_NATIONAL_PLAYER
EURO,2024,3299,England,357662,3299,72,6,4,false,2019-03-22,3358,3131181,CURRENT_NATIONAL_PLAYER
EURO,2024,3376,Italy,357992,3376,6,0,2,false,2024-03-24,517,4282957,RECENT_NATIONAL_PLAYER
EURO,2024,3382,Belgium,358032,3382,1,0,22,false,2024-10-10,30857,4284234,FORMER_NATIONAL_PLAYER
EURO,2024,3379,Netherlands,360518,3379,27,3,20,false,2020-10-07,8371,3401580,CURRENT_NATIONAL_PLAYER
EURO,2024,3380,Scotland,360661,3380,11,1,19,false,2021-03-31,2638,3495238,FORMER_NATIONAL_PLAYER
EURO,2024,3381,Turkiye,361260,3381,28,2,15,false,2019-11-17,2332,3149775,CURRENT_NATIONAL_PLAYER
EURO,2024,3438,Serbia,36139,3438,111,23,10,true,2008-12-14,7418,933083,RETIRED_NATIONAL_PLAYER
EURO,2024,3442,Poland,361575,3442,15,0,15,false,2021-06-01,8369,3551695,FORMER_NATIONAL_PLAYER
EURO,2024,3380,Scotland,362562,3380,14,0,24,false,2019-06-11,2638,3149797,FORMER_NATIONAL_PLAYER
EURO,2024,3556,Croatia,362977,3556,40,0,22,false,2017-01-14,4303,2814408,RECENT_NATIONAL_PLAYER
EURO,2024,3380,Scotland,363223,3380,37,3,13,false,2018-03-27,645,3025499,CURRENT_NATIONAL_PLAYER
EURO,2024,3376,Italy,364135,3376,26,13,11,false,2018-11-20,524,3032160,CURRENT_NATIONAL_PLAYER
EURO,2024,3384,Switzerland,365108,3384,29,6,11,false,2022-09-24,3240,3716475,CURRENT_NATIONAL_PLAYER
EURO,2024,3503,Slovakia,365765,3503,4,0,8,false,2022-03-25,16220,3772973,FORMER_NATIONAL_PLAYER
EURO,2024,3375,Spain,366930,3375,1,0,19,false,2024-10-12,20031,4284258,FORMER_NATIONAL_PLAYER
EURO,2024,3376,Italy,368482,3376,13,2,17,false,2019-11-18,524,3131130,RECENT_NATIONAL_PLAYER
EURO,2024,3468,Hungary,368559,3468,88,2,8,false,2015-09-07,694,2429523,FORMER_NATIONAL_PLAYER
EURO,2024,3699,Ukraine,368611,3699,50,2,10,false,2018-05-31,45350,3039833,CURRENT_NATIONAL_PLAYER
EURO,2024,3382,Belgium,368887,3382,33,3,9,false,2022-06-08,4328,3716450,CURRENT_NATIONAL_PLAYER
EURO,2024,3382,Belgium,368891,3382,32,1,3,false,2021-11-16,4328,3495804,CURRENT_NATIONAL_PLAYER
EURO,2024,3438,Serbia,368982,3438,2,0,21,false,2024-10-12,5528,4284269,FORMER_NATIONAL_PLAYER
EURO,2024,3381,Turkiye,369316,3381,30,2,20,false,2022-06-04,134,3716538,CURRENT_NATIONAL_PLAYER
EURO,2024,3436,Denmark,369674,3436,57,11,5,false,2020-09-05,5372,3330688,CURRENT_NATIONAL_PLAYER
EURO,2024,3436,Denmark,369684,3436,32,2,13,false,2021-09-04,5372,3495277,RECENT_NATIONAL_PLAYER
EURO,2024,3556,Croatia,370997,3556,3,0,12,false,2024-03-26,2711,4318587,RECENT_NATIONAL_PLAYER
EURO,2024,3556,Croatia,371001,3556,31,0,6,false,2022-06-10,2711,3716455,CURRENT_NATIONAL_PLAYER
EURO,2024,3561,Albania,371371,3561,26,0,15,false,2019-10-14,3158,3149770,RECENT_NATIONAL_PLAYER
EURO,2024,3588,Slovenia,371851,3588,71,1,6,true,2018-10-13,7817,2996536,CURRENT_NATIONAL_PLAYER
EURO,2024,3588,Slovenia,371856,3588,28,0,21,false,2023-03-26,1519,3941586,CURRENT_NATIONAL_PLAYER
EURO,2024,3588,Slovenia,371863,3588,2,0,12,false,2023-06-19,1519,3941572,CURRENT_NATIONAL_PLAYER
EURO,2024,3588,Slovenia,371864,3588,26,1,23,false,2022-03-26,1519,3772988,RECENT_NATIONAL_PLAYER
EURO,2024,3436,Denmark,372240,3436,0,0,2,false,None,None,None,FORMER_NATIONAL_PLAYER
EURO,2024,3379,Netherlands,372267,3379,6,1,20,false,2018-03-26,439,2993264,FORMER_NATIONAL_PLAYER
EURO,2024,3556,Croatia,374954,3556,16,2,18,false,2021-10-08,2711,3495473,CURRENT_NATIONAL_PLAYER
EURO,2024,3438,Serbia,376460,3438,4,0,18,false,2022-06-05,5528,3716494,FORMER_NATIONAL_PLAYER
EURO,2024,3376,Italy,377042,3376,2,0,25,false,2024-06-09,517,4286521,FORMER_NATIONAL_PLAYER
EURO,2024,3442,Poland,377243,3442,13,2,6,false,2023-10-12,3623,3941485,RECENT_NATIONAL_PLAYER
EURO,2024,3447,Romania,379163,3447,36,0,6,false,2021-09-05,40857,3495294,RECENT_NATIONAL_PLAYER
EURO,2024,3442,Poland,37920,3442,101,17,11,false,2008-02-02,2120,909142,CURRENT_NATIONAL_PLAYER
EURO,2024,3447,Romania,379209,3447,23,0,23,false,2021-06-02,40857,3524636,CURRENT_NATIONAL_PLAYER
EURO,2024,3382,Belgium,381950,3382,23,2,22,false,2020-10-08,4328,3459281,CURRENT_NATIONAL_PLAYER
EURO,2024,3382,Belgium,381967,3382,2,0,6,false,2021-09-02,4328,3495262,FORMER_NATIONAL_PLAYER
EURO,2024,3442,Poland,382429,3442,22,1,6,false,2021-09-05,8369,3495292,CURRENT_NATIONAL_PLAYER
EURO,2024,3384,Switzerland,382478,3384,6,0,14,false,2021-09-01,3240,3559671,RECENT_NATIONAL_PLAYER
EURO,2024,3381,Turkiye,382528,3381,51,15,7,false,2021-05-27,2332,3552119,CURRENT_NATIONAL_PLAYER
EURO,2024,3442,Poland,38253,3442,165,89,9,true,2008-09-10,2120,912053,CURRENT_NATIONAL_PLAYER
EURO,2024,3442,Poland,384461,3442,36,2,8,false,2020-09-04,12950,3330686,CURRENT_NATIONAL_PLAYER
EURO,2024,3445,Czechia,384879,3445,12,0,3,false,2020-09-07,49283,3330649,RECENT_NATIONAL_PLAYER
EURO,2024,3376,Italy,386446,3376,12,0,4,false,2023-06-18,524,4087914,CURRENT_NATIONAL_PLAYER
EURO,2024,3381,Turkiye,386726,3381,45,3,11,false,2017-06-11,253,2697842,FORMER_NATIONAL_PLAYER
EURO,2024,3556,Croatia,387105,3556,22,2,18,false,2017-01-11,4303,2806149,FORMER_NATIONAL_PLAYER
EURO,2024,3556,Croatia,387106,3556,38,9,7,false,2017-05-28,4303,2861028,CURRENT_NATIONAL_PLAYER
EURO,2024,3381,Turkiye,387143,3381,0,0,21,false,None,None,None,FORMER_NATIONAL_PLAYER
EURO,2024,3380,Scotland,388171,3380,25,1,2,false,2021-11-15,2638,3495797,CURRENT_NATIONAL_PLAYER
EURO,2024,3262,Germany,388198,3262,25,0,15,false,2022-03-26,67,3731307,CURRENT_NATIONAL_PLAYER
EURO,2024,3561,Albania,390177,3561,43,7,10,false,2021-09-05,3158,3495285,CURRENT_NATIONAL_PLAYER
EURO,2024,3436,Denmark,391004,3436,37,8,19,false,2020-10-07,5372,3462420,RECENT_NATIONAL_PLAYER
EURO,2024,3436,Denmark,391005,3436,1,0,5,false,2024-11-18,8264,4284268,RECENT_NATIONAL_PLAYER
EURO,2024,3383,Austria,391766,3383,8,0,26,false,2021-10-12,2450,3495512,RECENT_NATIONAL_PLAYER
EURO,2024,3376,Italy,392085,3376,19,2,20,false,2019-03-23,524,3131103,FORMER_NATIONAL_PLAYER
EURO,2024,3299,England,392757,3299,27,1,6,false,2022-03-26,3358,3732612,CURRENT_NATIONAL_PLAYER
EURO,2024,3299,England,392770,3299,4,0,19,false,2024-09-07,21242,4284288,FORMER_NATIONAL_PLAYER
EURO,2024,3442,Poland,393565,3442,14,0,19,false,2022-09-22,2472,3716471,CURRENT_NATIONAL_PLAYER
EURO,2024,3383,Austria,393686,3383,1,0,12,false,2025-06-10,196,4510772,CURRENT_NATIONAL_PLAYER
EURO,2024,3447,Romania,393806,3447,5,0,15,false,2022-11-17,22740,3926443,RECENT_NATIONAL_PLAYER
EURO,2024,3384,Switzerland,394236,3384,4,0,15,false,2023-11-18,3240,3941607,FORMER_NATIONAL_PLAYER
EURO,2024,3376,Italy,394300,3376,34,8,16,false,2022-06-04,524,3716444,CURRENT_NATIONAL_PLAYER
EURO,2024,3436,Denmark,395421,3436,0,0,22,false,None,None,None,FORMER_NATIONAL_PLAYER
EURO,2024,3377,France,395516,3377,11,0,20,false,2021-09-01,1229,3495247,FORMER_NATIONAL_PLAYER
EURO,2024,3447,Romania,395800,3447,27,0,21,false,2021-06-02,40857,3524636,RECENT_NATIONAL_PLAYER
EURO,2024,3556,Croatia,395928,3556,13,1,24,false,2023-11-18,2711,3941457,CURRENT_NATIONAL_PLAYER
EURO,2024,3445,Czechia,396235,3445,7,0,9,false,2023-11-20,3354,3941489,RECENT_NATIONAL_PLAYER
EURO,2024,3699,Ukraine,396394,3699,7,0,5,false,2020-11-11,45350,3396897,CURRENT_NATIONAL_PLAYER
EURO,2024,3381,Turkiye,396908,3381,17,3,21,false,2022-06-04,134,3716538,CURRENT_NATIONAL_PLAYER
EURO,2024,3376,Italy,397033,3376,32,4,8,false,2019-10-15,524,3131125,CURRENT_NATIONAL_PLAYER
EURO,2024,3447,Romania,397486,3447,45,11,20,false,2018-03-27,16059,3018808,CURRENT_NATIONAL_PLAYER
EURO,2024,3375,Spain,398184,3375,55,23,7,false,2020-09-03,6499,3330683,CURRENT_NATIONAL_PLAYER
EURO,2024,3375,Spain,399776,3375,24,1,4,false,2019-11-15,20727,3149435,FORMER_NATIONAL_PLAYER
EURO,2024,3468,Hungary,400044,3468,6,0,1,false,2025-06-10,16090,4619061,CURRENT_NATIONAL_PLAYER
EURO,2024,3436,Denmark,400536,3436,2,0,16,false,2026-03-26,8264,4770093,CURRENT_NATIONAL_PLAYER
EURO,2024,3669,Georgia,400715,3669,8,0,8,false,2021-09-05,12806,3495289,RECENT_NATIONAL_PLAYER
EURO,2024,3588,Slovenia,401394,3588,49,6,22,false,2020-11-11,1519,3482760,CURRENT_NATIONAL_PLAYER
EURO,2024,3375,Spain,403151,3375,3,0,23,false,2021-09-05,6499,3495289,FORMER_NATIONAL_PLAYER
EURO,2024,3383,Austria,403184,3383,3,1,25,false,2023-11-21,196,4156977,FORMER_NATIONAL_PLAYER
EURO,2024,3380,Scotland,403564,3380,0,0,12,false,None,None,None,FORMER_NATIONAL_PLAYER
EURO,2024,3438,Serbia,404260,3438,15,1,17,false,2021-06-07,5528,3570848,CURRENT_NATIONAL_PLAYER
EURO,2024,3503,Slovakia,404418,3503,59,7,16,false,2018-10-13,9865,2996591,CURRENT_NATIONAL_PLAYER
EURO,2024,3699,Ukraine,404839,3699,16,0,1,false,2018-03-23,45350,3024939,RECENT_NATIONAL_PLAYER
EURO,2024,3699,Ukraine,404842,3699,52,1,16,false,2018-11-20,45350,3094887,CURRENT_NATIONAL_PLAYER
EURO,2024,3383,Austria,404881,3383,1,0,12,false,2022-11-16,196,3928313,FORMER_NATIONAL_PLAYER
EURO,2024,3383,Austria,404950,3383,46,1,6,false,2021-11-12,2450,3495652,CURRENT_NATIONAL_PLAYER
EURO,2024,3447,Romania,405399,3447,27,7,7,false,2018-09-10,16059,2996531,RECENT_NATIONAL_PLAYER
EURO,2024,3669,Georgia,405564,3669,24,4,6,false,2023-09-12,12806,3941400,RECENT_NATIONAL_PLAYER
EURO,2024,3445,Czechia,405855,3445,21,6,13,false,2022-11-16,3354,3926439,CURRENT_NATIONAL_PLAYER
EURO,2024,3376,Italy,405885,3376,46,11,10,false,2021-06-04,524,3571151,CURRENT_NATIONAL_PLAYER
EURO,2024,3383,Austria,406608,3383,1,0,22,false,2025-06-10,196,4510772,RECENT_NATIONAL_PLAYER
EURO,2024,3436,Denmark,406634,3436,6,0,7,false,2023-11-20,5372,3941574,RECENT_NATIONAL_PLAYER
EURO,2024,3299,England,406635,3299,49,4,7,false,2020-09-05,3358,3330687,CURRENT_NATIONAL_PLAYER
EURO,2024,3262,Germany,406640,3262,6,1,13,false,2023-03-28,67,4014549,RECENT_NATIONAL_PLAYER
EURO,2024,3442,Poland,407098,3442,29,3,13,false,2021-09-05,8369,3495292,CURRENT_NATIONAL_PLAYER
EURO,2024,3669,Georgia,407491,3669,2,0,23,false,2023-03-25,12806,4024576,CURRENT_NATIONAL_PLAYER
EURO,2024,3379,Netherlands,408574,3379,16,1,16,false,2023-06-18,439,4087914,FORMER_NATIONAL_PLAYER
EURO,2024,3384,Switzerland,410787,3384,7,2,25,false,2024-09-08,3240,4284264,CURRENT_NATIONAL_PLAYER
EURO,2024,3377,France,411975,3377,46,0,5,false,2021-06-02,1229,3555718,RECENT_NATIONAL_PLAYER
EURO,2024,3588,Slovenia,412517,3588,2,0,23,false,2024-01-20,1519,4270810,FORMER_NATIONAL_PLAYER
EURO,2024,3669,Georgia,412616,3669,38,10,10,false,2018-03-24,2707,2996152,CURRENT_NATIONAL_PLAYER
EURO,2024,3300,Portugal,412669,3300,17,3,16,false,2020-09-05,782,3330689,CURRENT_NATIONAL_PLAYER
EURO,2024,3377,France,413112,3377,44,3,8,false,2021-09-01,1229,3495247,CURRENT_NATIONAL_PLAYER
EURO,2024,3299,England,413403,3299,18,1,5,false,2024-03-23,3358,4317996,CURRENT_NATIONAL_PLAYER
EURO,2024,3438,Serbia,413507,3438,72,3,4,false,2016-09-29,1300,4374847,CURRENT_NATIONAL_PLAYER
EURO,2024,3383,Austria,41384,3383,132,47,7,false,2008-10-11,2691,924505,CURRENT_NATIONAL_PLAYER
EURO,2024,3379,Netherlands,415381,3379,14,1,20,false,2023-03-27,439,3941407,RECENT_NATIONAL_PLAYER
EURO,2024,3382,Belgium,417278,3382,0,0,25,false,None,None,None,FORMER_NATIONAL_PLAYER
EURO,2024,3669,Georgia,419067,3669,30,1,19,false,2021-09-02,12806,3495257,CURRENT_NATIONAL_PLAYER
EURO,2024,3438,Serbia,419648,3438,15,0,14,false,2021-01-25,40156,3510262,CURRENT_NATIONAL_PLAYER
EURO,2024,3379,Netherlands,420210,3379,20,0,2,false,2023-03-24,439,3941408,CURRENT_NATIONAL_PLAYER
EURO,2024,3379,Netherlands,420213,3379,10,1,26,false,2024-03-26,439,4285049,CURRENT_NATIONAL_PLAYER
EURO,2024,3379,Netherlands,420243,3379,23,0,3,false,2021-06-02,8371,3546839,RECENT_NATIONAL_PLAYER
EURO,2024,3300,Portugal,420465,3300,1,0,14,false,2024-11-18,4328,4284222,FORMER_NATIONAL_PLAYER
EURO,2024,3447,Romania,421258,3447,1,0,5,false,2024-11-18,805,4284338,FORMER_NATIONAL_PLAYER
EURO,2024,3588,Slovenia,421758,3588,8,1,15,false,2024-01-20,1519,4270810,CURRENT_NATIONAL_PLAYER
EURO,2024,3447,Romania,421927,3447,22,1,4,false,2019-09-08,16059,3149425,CURRENT_NATIONAL_PLAYER
EURO,2024,3384,Switzerland,42205,3384,94,0,1,false,2012-05-30,92,1189279,RETIRED_NATIONAL_PLAYER
EURO,2024,3383,Austria,422281,3383,5,0,23,false,2022-09-25,196,3716478,FORMER_NATIONAL_PLAYER
EURO,2024,3436,Denmark,422951,3436,18,0,3,false,2020-11-11,3755,3485584,CURRENT_NATIONAL_PLAYER
EURO,2024,3375,Spain,423440,3375,25,3,18,false,2021-06-08,20031,3577689,CURRENT_NATIONAL_PLAYER
EURO,2024,3380,Scotland,423744,3380,45,2,8,false,2021-06-02,2638,3546839,CURRENT_NATIONAL_PLAYER
EURO,2024,3380,Scotland,424015,3380,25,1,24,false,2021-06-06,2638,3577681,CURRENT_NATIONAL_PLAYER
EURO,2024,3556,Croatia,42460,3556,152,38,14,false,2011-03-26,3598,1088383,CURRENT_NATIONAL_PLAYER
EURO,2024,3442,Poland,425334,3442,25,4,2,false,2021-11-12,8369,3495655,CURRENT_NATIONAL_PLAYER
EURO,2024,3442,Poland,425918,3442,43,2,14,false,2022-06-11,2472,3716458,CURRENT_NATIONAL_PLAYER
EURO,2024,3300,Portugal,426620,3300,4,0,17,false,2021-06-04,782,3579715,CURRENT_NATIONAL_PLAYER
EURO,2024,3447,Romania,426724,3447,1,0,12,false,2026-03-31,805,4854410,CURRENT_NATIONAL_PLAYER
EURO,2024,3299,England,427568,3299,5,0,13,false,2021-11-15,3358,3495800,CURRENT_NATIONAL_PLAYER
EURO,2024,3669,Georgia,427572,3669,54,7,9,false,2019-09-05,2707,3247922,CURRENT_NATIONAL_PLAYER
EURO,2024,3380,Scotland,428563,3380,23,1,19,false,2021-09-01,2638,3495248,CURRENT_NATIONAL_PLAYER
EURO,2024,3299,England,429014,3299,6,0,17,false,2024-09-07,21242,4284288,RECENT_NATIONAL_PLAYER
EURO,2024,3447,Romania,429551,3447,17,1,21,false,2021-10-11,40857,3495503,RECENT_NATIONAL_PLAYER
EURO,2024,3503,Slovakia,429713,3503,1,0,2,false,2024-09-08,33804,4284332,RECENT_NATIONAL_PLAYER
EURO,2024,3382,Belgium,429915,3382,17,4,5,false,2024-06-05,30857,4282798,CURRENT_NATIONAL_PLAYER
EURO,2024,3380,Scotland,430310,3380,1,0,8,false,2025-06-09,2638,4541762,CURRENT_NATIONAL_PLAYER
EURO,2024,3669,Georgia,431453,3669,2,0,2,false,2026-03-26,12806,4845673,CURRENT_NATIONAL_PLAYER
EURO,2024,3442,Poland,431475,3442,5,0,7,false,2024-09-08,3623,4284223,RECENT_NATIONAL_PLAYER
EURO,2024,3376,Italy,432090,3376,7,0,21,false,2022-11-16,524,3958510,FORMER_NATIONAL_PLAYER
EURO,2024,3468,Hungary,432281,3468,20,0,15,false,2024-03-22,16090,4283987,CURRENT_NATIONAL_PLAYER
EURO,2024,3382,Belgium,43250,3382,157,10,5,false,2007-06-02,1439,68649,RETIRED_NATIONAL_PLAYER
EURO,2024,3436,Denmark,432982,3436,40,8,11,false,2020-10-07,5372,3462420,RECENT_NATIONAL_PLAYER
EURO,2024,3299,England,433177,3299,48,14,25,false,2020-10-08,3358,3461225,CURRENT_NATIONAL_PLAYER
EURO,2024,3299,England,433188,3299,6,1,17,false,2024-11-14,21242,4284291,RECENT_NATIONAL_PLAYER
EURO,2024,3447,Romania,433979,3447,8,0,22,false,2024-03-22,22740,4289274,RECENT_NATIONAL_PLAYER
EURO,2024,3503,Slovakia,434084,3503,1,0,16,false,2023-11-19,33804,3941668,FORMER_NATIONAL_PLAYER
EURO,2024,3383,Austria,434116,3383,18,0,8,false,2022-11-16,196,3928313,CURRENT_NATIONAL_PLAYER
EURO,2024,3379,Netherlands,434675,3379,48,19,11,false,2021-06-21,8371,3486435,CURRENT_NATIONAL_PLAYER
EURO,2024,3468,Hungary,435062,3468,30,0,17,false,2022-03-24,16090,3772963,RECENT_NATIONAL_PLAYER
EURO,2024,3561,Albania,435228,3561,47,3,18,false,2018-11-17,23364,2996547,CURRENT_NATIONAL_PLAYER
EURO,2024,3379,Netherlands,435648,3379,6,1,21,false,2024-07-06,439,4359339,FORMER_NATIONAL_PLAYER
EURO,2024,3382,Belgium,435772,3382,28,5,17,false,2020-11-11,4328,3393397,CURRENT_NATIONAL_PLAYER
EURO,2024,3383,Austria,438961,3383,4,0,3,false,2024-10-10,196,4284296,CURRENT_NATIONAL_PLAYER
EURO,2024,3468,Hungary,439351,3468,36,0,14,false,2021-06-04,16090,3574734,CURRENT_NATIONAL_PLAYER
EURO,2024,3442,Poland,44058,3442,84,0,1,false,2009-11-18,2476,982398,RETIRED_NATIONAL_PLAYER
EURO,2024,3561,Albania,442703,3561,48,1,20,false,2018-03-26,23364,3023891,RECENT_NATIONAL_PLAYER
EURO,2024,3262,Germany,443710,3262,7,0,16,false,2024-09-07,8402,4284253,CURRENT_NATIONAL_PLAYER
EURO,2024,3468,Hungary,445788,3468,19,1,23,false,2023-03-23,16090,3970186,RECENT_NATIONAL_PLAYER
EURO,2024,3380,Scotland,446093,3380,13,1,15,false,2022-09-27,2638,3716525,FORMER_NATIONAL_PLAYER
EURO,2024,3561,Albania,448920,3561,21,0,13,false,2018-09-10,23364,2996526,RECENT_NATIONAL_PLAYER
EURO,2024,3382,Belgium,450218,3382,0,0,13,false,None,None,None,FORMER_NATIONAL_PLAYER
EURO,2024,3300,Portugal,45026,3300,108,0,1,false,2010-11-17,2594,1043566,FORMER_NATIONAL_PLAYER
EURO,2024,3468,Hungary,451276,3468,63,17,10,true,2019-03-21,16090,3131174,CURRENT_NATIONAL_PLAYER
EURO,2024,3468,Hungary,451281,3468,11,1,9,false,2021-06-08,16090,3573732,CURRENT_NATIONAL_PLAYER
EURO,2024,3381,Turkiye,452084,3381,3,0,16,false,2019-11-17,2332,3149775,RECENT_NATIONAL_PLAYER
EURO,2024,3438,Serbia,452218,3438,0,0,13,false,None,None,None,FORMER_NATIONAL_PLAYER
EURO,2024,3383,Austria,452477,3383,9,0,14,false,2021-11-12,2450,3495652,FORMER_NATIONAL_PLAYER
EURO,2024,3436,Denmark,452607,3436,22,1,18,false,2020-11-11,3755,3485584,CURRENT_NATIONAL_PLAYER
EURO,2024,3382,Belgium,454336,3382,1,0,17,false,2024-11-17,30857,4284244,FORMER_NATIONAL_PLAYER
EURO,2024,3381,Turkiye,454567,3381,48,3,6,false,2020-09-06,2332,3330646,CURRENT_NATIONAL_PLAYER
EURO,2024,3503,Slovakia,454576,3503,55,7,9,false,2019-06-07,2858,3193340,RECENT_NATIONAL_PLAYER
EURO,2024,3468,Hungary,454863,3468,43,4,13,false,2020-09-03,16090,3330636,CURRENT_NATIONAL_PLAYER
EURO,2024,3381,Turkiye,45671,3381,53,21,9,false,2013-10-15,253,2262112,FORMER_NATIONAL_PLAYER
EURO,2024,3561,Albania,458367,3561,23,2,21,false,2024-03-22,24104,4309395,CURRENT_NATIONAL_PLAYER
EURO,2024,3376,Italy,459128,3376,2,0,14,false,2024-09-06,517,4284240,FORMER_NATIONAL_PLAYER
EURO,2024,3376,Italy,459658,3376,19,3,19,false,2024-03-21,517,4282956,CURRENT_NATIONAL_PLAYER
EURO,2024,3376,Italy,459763,3376,0,0,23,false,2026-03-31,None,None,CURRENT_NATIONAL_PLAYER
EURO,2024,3556,Croatia,46083,3556,105,4,21,false,2010-05-23,3598,1023096,RETIRED_NATIONAL_PLAYER
EURO,2024,3379,Netherlands,460939,3379,30,7,14,false,2023-09-07,439,3941406,CURRENT_NATIONAL_PLAYER
EURO,2024,3384,Switzerland,461461,3384,2,0,14,false,2023-06-19,3240,3941606,FORMER_NATIONAL_PLAYER
EURO,2024,3436,Denmark,461496,3436,27,1,21,false,2023-09-07,5372,3941573,CURRENT_NATIONAL_PLAYER
EURO,2024,3375,Spain,461617,3375,2,0,4,false,2023-11-16,20031,4228039,FORMER_NATIONAL_PLAYER
EURO,2024,3376,Italy,461833,3376,0,0,15,false,None,None,None,FORMER_NATIONAL_PLAYER
EURO,2024,3300,Portugal,462250,3300,52,12,11,false,2019-06-05,782,3131624,CURRENT_NATIONAL_PLAYER
EURO,2024,3436,Denmark,462823,3436,15,6,8,false,2024-03-26,5372,4319860,CURRENT_NATIONAL_PLAYER
EURO,2024,3436,Denmark,462832,3436,0,0,14,false,None,None,None,FORMER_NATIONAL_PLAYER
EURO,2024,3377,France,463600,3377,1,0,23,false,2025-11-16,1229,4510731,CURRENT_NATIONAL_PLAYER
EURO,2024,3556,Croatia,46413,3556,36,6,11,false,2020-10-07,2711,3393396,CURRENT_NATIONAL_PLAYER
EURO,2024,3445,Czechia,464273,3445,0,0,2,false,None,None,None,FORMER_NATIONAL_PLAYER
EURO,2024,3438,Serbia,465555,3438,12,0,12,false,2021-01-25,40156,3510262,CURRENT_NATIONAL_PLAYER
EURO,2024,3556,Croatia,46580,3556,114,36,9,false,2014-09-04,10463,2504242,CURRENT_NATIONAL_PLAYER
EURO,2024,3377,France,465830,3377,14,2,6,false,2021-11-16,1229,3495802,RECENT_NATIONAL_PLAYER
EURO,2024,3442,Poland,465955,3442,5,0,22,false,2023-11-21,3623,4178754,RECENT_NATIONAL_PLAYER
EURO,2024,3561,Albania,467232,3561,5,0,19,false,2022-06-13,3158,3819553,FORMER_NATIONAL_PLAYER
EURO,2024,3699,Ukraine,467250,3699,27,2,2,false,2020-10-07,45350,3450812,CURRENT_NATIONAL_PLAYER
EURO,2024,3262,Germany,467434,3262,0,0,19,false,None,None,None,FORMER_NATIONAL_PLAYER
EURO,2024,3376,Italy,467992,3376,11,0,6,false,2022-06-04,524,3716444,RECENT_NATIONAL_PLAYER
EURO,2024,3447,Romania,468192,3447,9,2,9,false,2023-10-15,22740,3941626,CURRENT_NATIONAL_PLAYER
EURO,2024,3588,Slovenia,469695,3588,6,1,14,false,2024-01-20,1519,4270810,CURRENT_NATIONAL_PLAYER
EURO,2024,3588,Slovenia,469709,3588,4,0,17,false,2024-01-20,1519,4270810,CURRENT_NATIONAL_PLAYER
EURO,2024,3438,Serbia,470794,3438,24,0,17,false,2021-06-07,5528,3570848,RECENT_NATIONAL_PLAYER
EURO,2024,3503,Slovakia,471164,3503,0,0,23,false,2026-03-31,None,None,CURRENT_NATIONAL_PLAYER
EURO,2024,3262,Germany,473050,3262,5,0,9,false,2023-03-25,67,4014548,CURRENT_NATIONAL_PLAYER
EURO,2024,3379,Netherlands,473169,3379,10,1,19,false,2023-10-16,439,3941410,CURRENT_NATIONAL_PLAYER
EURO,2024,3377,France,475411,3377,1,0,17,false,2023-06-16,1229,3941417,FORMER_NATIONAL_PLAYER
EURO,2024,3556,Croatia,475959,3556,46,4,4,false,2021-06-06,2711,3497928,RECENT_NATIONAL_PLAYER
EURO,2024,3381,Turkiye,477930,3381,7,0,13,false,2021-05-27,2332,3552119,FORMER_NATIONAL_PLAYER
EURO,2024,3379,Netherlands,478573,3379,25,1,8,false,2021-03-24,8371,3495269,CURRENT_NATIONAL_PLAYER
EURO,2024,3299,England,479999,3299,16,3,10,false,2023-06-16,3358,3941443,RECENT_NATIONAL_PLAYER
EURO,2024,3503,Slovakia,482829,3503,0,0,25,false,None,None,None,FORMER_NATIONAL_PLAYER
EURO,2024,3503,Slovakia,482836,3503,38,10,15,false,2021-03-24,16220,3495178,CURRENT_NATIONAL_PLAYER
EURO,2024,3503,Slovakia,482838,3503,3,0,3,false,2025-03-20,33804,4498062,CURRENT_NATIONAL_PLAYER
EURO,2024,3556,Croatia,483046,3556,29,0,2,false,2021-10-08,2711,3495473,CURRENT_NATIONAL_PLAYER
EURO,2024,3381,Turkiye,483063,3381,4,0,18,false,2021-10-08,134,3495472,FORMER_NATIONAL_PLAYER
EURO,2024,3379,Netherlands,484547,3379,15,1,12,false,2023-10-13,439,3941404,CURRENT_NATIONAL_PLAYER
EURO,2024,3379,Netherlands,485585,3379,1,1,5,false,2025-03-23,439,4498079,FORMER_NATIONAL_PLAYER
EURO,2024,3382,Belgium,485706,3382,27,1,24,false,2022-06-03,4328,3716442,CURRENT_NATIONAL_PLAYER
EURO,2024,3382,Belgium,486046,3382,0,0,12,false,None,None,None,CURRENT_NATIONAL_PLAYER
EURO,2024,3382,Belgium,486049,3382,41,7,11,false,2020-09-05,4328,3330688,CURRENT_NATIONAL_PLAYER
EURO,2024,3445,Czechia,486604,3445,2,0,23,false,2024-06-07,3263,4347252,RECENT_NATIONAL_PLAYER
EURO,2024,3445,Czechia,486605,3445,0,0,23,false,None,None,None,RECENT_NATIONAL_PLAYER
EURO,2024,3588,Slovenia,486926,3588,5,1,18,false,2022-11-17,1519,3926443,RECENT_NATIONAL_PLAYER
EURO,2024,3300,Portugal,487465,3300,23,2,18,false,2020-11-11,782,3486169,CURRENT_NATIONAL_PLAYER
EURO,2024,3300,Portugal,487469,3300,37,0,23,false,2022-03-29,782,3777956,CURRENT_NATIONAL_PLAYER
EURO,2024,3300,Portugal,487474,3300,15,3,20,false,2024-03-26,4328,4283888,CURRENT_NATIONAL_PLAYER
EURO,2024,3377,France,487969,3377,32,9,12,false,2022-09-22,1229,3716469,CURRENT_NATIONAL_PLAYER
EURO,2024,3299,England,488362,3299,22,1,24,false,2021-11-15,3358,3495800,RECENT_NATIONAL_PLAYER
EURO,2024,3436,Denmark,48859,3436,132,5,4,true,2009-06-06,179,942595,RETIRED_NATIONAL_PLAYER
EURO,2024,3503,Slovakia,489870,3503,1,0,18,false,2025-06-10,33804,4619067,RECENT_NATIONAL_PLAYER
EURO,2024,3382,Belgium,490384,3382,7,0,16,false,2024-03-23,30857,4282796,CURRENT_NATIONAL_PLAYER
EURO,2024,3445,Czechia,493758,3445,15,2,13,false,2023-03-24,3354,3941498,RECENT_NATIONAL_PLAYER
EURO,2024,3379,Netherlands,49499,3379,96,28,8,false,2011-09-02,502,1143753,FORMER_NATIONAL_PLAYER
EURO,2024,3377,France,495666,3377,31,0,17,false,2022-03-25,1229,3772975,RECENT_NATIONAL_PLAYER
EURO,2024,3699,Ukraine,495920,3699,4,0,14,false,2024-10-11,10892,4284275,RECENT_NATIONAL_PLAYER
EURO,2024,3383,Austria,49693,3383,26,2,17,false,2012-10-12,531,2261118,RECENT_NATIONAL_PLAYER
EURO,2024,3588,Slovenia,496989,3588,1,0,24,false,2024-06-08,1519,4358437,FORMER_NATIONAL_PLAYER
EURO,2024,3468,Hungary,496996,3468,3,0,3,false,2024-03-26,16090,4318792,RECENT_NATIONAL_PLAYER
EURO,2024,3503,Slovakia,497543,3503,26,2,20,false,2022-09-22,33804,3716559,CURRENT_NATIONAL_PLAYER
EURO,2024,3445,Czechia,500053,3445,20,5,15,false,2024-03-22,3263,4317892,CURRENT_NATIONAL_PLAYER
EURO,2024,3445,Czechia,500054,3445,16,1,17,false,2023-03-24,3354,3941498,CURRENT_NATIONAL_PLAYER
EURO,2024,3384,Switzerland,500763,3384,0,0,21,false,2026-03-31,None,None,CURRENT_NATIONAL_PLAYER
EURO,2024,3669,Georgia,502670,3669,49,22,7,true,2019-06-07,2707,3131155,CURRENT_NATIONAL_PLAYER
EURO,2024,3669,Georgia,502671,3669,31,0,6,false,2022-03-25,12806,3759207,CURRENT_NATIONAL_PLAYER
EURO,2024,3669,Georgia,502676,3669,37,0,1,false,2021-09-08,12806,3652166,CURRENT_NATIONAL_PLAYER
EURO,2024,3669,Georgia,502682,3669,7,0,21,false,2025-03-23,12806,4498071,CURRENT_NATIONAL_PLAYER
EURO,2024,3556,Croatia,502722,3556,19,1,21,false,2021-10-11,2711,3495498,CURRENT_NATIONAL_PLAYER
EURO,2024,3376,Italy,502821,3376,14,0,13,false,2024-06-04,517,4287477,CURRENT_NATIONAL_PLAYER
EURO,2024,3299,England,503733,3299,17,2,7,false,2024-03-23,3358,4317996,CURRENT_NATIONAL_PLAYER
EURO,2024,3299,England,503743,3299,13,1,15,false,2024-11-14,21242,4284291,CURRENT_NATIONAL_PLAYER
EURO,2024,3436,Denmark,503866,3436,8,1,10,false,2024-09-05,43845,4284262,RECENT_NATIONAL_PLAYER
EURO,2024,3436,Denmark,503871,3436,2,0,6,false,2024-09-08,43845,4284263,RECENT_NATIONAL_PLAYER
EURO,2024,3382,Belgium,503881,3382,9,0,6,false,2023-06-17,30857,3941499,FORMER_NATIONAL_PLAYER
EURO,2024,3299,England,503977,3299,1,1,16,false,2024-11-17,21242,4284283,FORMER_NATIONAL_PLAYER
EURO,2024,3299,England,503981,3299,5,0,16,false,2024-11-17,21242,4284283,CURRENT_NATIONAL_PLAYER
EURO,2024,3299,England,503987,3299,10,1,21,false,2024-09-10,21242,4284282,CURRENT_NATIONAL_PLAYER
EURO,2024,3300,Portugal,504072,3300,0,0,22,false,None,None,None,FORMER_NATIONAL_PLAYER
EURO,2024,3300,Portugal,504087,3300,3,0,3,false,2024-11-18,4328,4284222,CURRENT_NATIONAL_PLAYER
EURO,2024,3300,Portugal,505653,3300,1,0,11,false,2024-11-18,4328,4284222,FORMER_NATIONAL_PLAYER
EURO,2024,3588,Slovenia,506942,3588,24,5,18,false,2023-03-23,1519,3941566,CURRENT_NATIONAL_PLAYER
EURO,2024,3438,Serbia,507223,3438,2,0,19,false,2024-09-05,5528,4284267,FORMER_NATIONAL_PLAYER
EURO,2024,3384,Switzerland,507341,3384,27,1,22,false,2022-11-24,3240,3788847,CURRENT_NATIONAL_PLAYER
EURO,2024,3384,Switzerland,507344,3384,7,0,2,false,2020-10-07,1315,3393396,RECENT_NATIONAL_PLAYER
EURO,2024,3384,Switzerland,507345,3384,6,0,2,false,2022-06-12,3240,3716461,FORMER_NATIONAL_PLAYER
EURO,2024,3588,Slovenia,507403,3588,45,2,2,false,2021-10-08,1519,3495474,CURRENT_NATIONAL_PLAYER
EURO,2024,3384,Switzerland,507486,3384,4,0,15,false,2020-10-07,1315,3393396,RECENT_NATIONAL_PLAYER
EURO,2024,3384,Switzerland,507490,3384,1,0,6,false,2024-10-15,3240,4284265,FORMER_NATIONAL_PLAYER
EURO,2024,3561,Albania,507733,3561,1,0,19,false,2024-09-10,24104,4284278,FORMER_NATIONAL_PLAYER
EURO,2024,3376,Italy,509022,3376,8,0,4,false,2022-06-11,524,3716460,CURRENT_NATIONAL_PLAYER
EURO,2024,3503,Slovakia,51100,3503,137,2,2,false,2006-12-10,386,3226696,CURRENT_NATIONAL_PLAYER
EURO,2024,3438,Serbia,51152,3438,106,64,9,false,2013-06-07,3896,2261885,CURRENT_NATIONAL_PLAYER
EURO,2024,3436,Denmark,513245,3436,18,1,13,false,2020-11-11,3755,3485584,CURRENT_NATIONAL_PLAYER
EURO,2024,3556,Croatia,51471,3556,111,5,8,false,2013-03-22,11616,2261881,RECENT_NATIONAL_PLAYER
EURO,2024,3445,Czechia,517126,3445,0,0,16,false,None,None,None,FORMER_NATIONAL_PLAYER
EURO,2024,3262,Germany,518505,3262,4,1,7,false,2024-10-14,8402,4284252,RECENT_NATIONAL_PLAYER
EURO,2024,3381,Turkiye,51894,3381,37,0,1,false,2012-05-24,5078,2211960,CURRENT_NATIONAL_PLAYER
EURO,2024,3436,Denmark,52059,3436,37,2,13,false,2008-11-19,179,929822,RETIRED_NATIONAL_PLAYER
EURO,2024,3561,Albania,521872,3561,15,1,19,false,2023-09-07,24104,3941487,RECENT_NATIONAL_PLAYER
EURO,2024,3375,Spain,524000,3375,10,0,4,false,2024-03-22,20031,4317768,RECENT_NATIONAL_PLAYER
EURO,2024,3447,Romania,525438,3447,16,0,12,false,2022-11-17,22740,3926443,RECENT_NATIONAL_PLAYER
EURO,2024,3376,Italy,525704,3376,4,0,6,false,2024-11-14,517,4284237,RECENT_NATIONAL_PLAYER
EURO,2024,3383,Austria,526895,3383,8,1,22,false,2023-09-12,196,3941510,FORMER_NATIONAL_PLAYER
EURO,2024,3300,Portugal,527026,3300,1,0,12,false,2026-04-01,4328,4845715,CURRENT_NATIONAL_PLAYER
EURO,2024,3383,Austria,527589,3383,0,0,26,false,None,None,None,FORMER_NATIONAL_PLAYER
EURO,2024,3447,Romania,527966,3447,38,2,2,false,2021-09-02,40857,3495266,CURRENT_NATIONAL_PLAYER
EURO,2024,3438,Serbia,528022,3438,1,0,17,false,2025-10-11,5528,4510821,RECENT_NATIONAL_PLAYER
EURO,2024,3442,Poland,528414,3442,2,0,17,false,2024-10-12,3623,4284229,FORMER_NATIONAL_PLAYER
EURO,2024,3438,Serbia,528833,3438,28,1,22,false,2023-03-24,5528,3941530,CURRENT_NATIONAL_PLAYER
EURO,2024,3669,Georgia,530673,3669,2,0,20,false,2024-09-07,12806,4284279,RECENT_NATIONAL_PLAYER
EURO,2024,3669,Georgia,530696,3669,23,0,16,false,2021-06-02,12806,3524636,CURRENT_NATIONAL_PLAYER
EURO,2024,3381,Turkiye,531332,3381,2,0,3,false,2024-09-06,11795,4284308,FORMER_NATIONAL_PLAYER
EURO,2024,3383,Austria,533295,3383,30,1,21,false,2022-06-13,196,3716464,CURRENT_NATIONAL_PLAYER
EURO,2024,3445,Czechia,534568,3445,2,0,6,false,2024-03-26,3263,4317893,FORMER_NATIONAL_PLAYER
EURO,2024,3447,Romania,535469,3447,35,5,13,false,2021-03-25,40857,3495193,CURRENT_NATIONAL_PLAYER
EURO,2024,3300,Portugal,535955,3300,3,0,14,false,2024-11-15,4328,4284226,RECENT_NATIONAL_PLAYER
EURO,2024,3262,Germany,53622,3262,82,19,21,false,2011-10-11,495,1056011,RETIRED_NATIONAL_PLAYER
EURO,2024,3375,Spain,537382,3375,5,1,22,false,2021-03-25,6499,3495181,FORMER_NATIONAL_PLAYER
EURO,2024,3300,Portugal,537602,3300,3,0,15,false,2023-11-16,4328,3941674,FORMER_NATIONAL_PLAYER
EURO,2024,3699,Ukraine,537844,3699,27,0,12,false,2021-03-31,45350,3495235,CURRENT_NATIONAL_PLAYER
EURO,2024,3699,Ukraine,537852,3699,3,0,15,false,2024-10-11,10892,4284275,FORMER_NATIONAL_PLAYER
EURO,2024,3699,Ukraine,537860,3699,28,3,7,false,2022-06-01,21415,3704053,FORMER_NATIONAL_PLAYER
EURO,2024,3376,Italy,539134,3376,6,0,11,false,2024-10-14,517,4284236,RECENT_NATIONAL_PLAYER
EURO,2024,3445,Czechia,539197,3445,2,0,3,false,2024-09-07,3263,4284279,RECENT_NATIONAL_PLAYER
EURO,2024,3669,Georgia,540056,3669,20,0,13,false,2022-11-17,12806,3958523,CURRENT_NATIONAL_PLAYER
EURO,2024,3503,Slovakia,540333,3503,42,4,7,false,2020-11-18,16220,3330679,CURRENT_NATIONAL_PLAYER
EURO,2024,3561,Albania,540935,3561,1,0,6,false,2022-06-13,3158,3819553,FORMER_NATIONAL_PLAYER
EURO,2024,3436,Denmark,540941,3436,40,8,14,false,2020-11-11,3755,3485584,CURRENT_NATIONAL_PLAYER
EURO,2024,3381,Turkiye,541537,3381,33,2,9,false,2021-11-13,134,3495660,CURRENT_NATIONAL_PLAYER
EURO,2024,3468,Hungary,543727,3468,8,0,3,false,2021-11-12,16090,3495657,CURRENT_NATIONAL_PLAYER
EURO,2024,3468,Hungary,543736,3468,2,0,17,false,2023-09-10,16090,4174521,FORMER_NATIONAL_PLAYER
EURO,2024,3561,Albania,543771,3561,40,5,8,false,2022-03-26,3158,3772990,CURRENT_NATIONAL_PLAYER
EURO,2024,3468,Hungary,543774,3468,5,0,13,false,2023-09-07,16090,3941524,FORMER_NATIONAL_PLAYER
EURO,2024,3445,Czechia,544148,3445,8,1,11,false,2023-03-24,3354,3941498,FORMER_NATIONAL_PLAYER
EURO,2024,3445,Czechia,544149,3445,24,1,2,false,2021-03-24,3354,3495175,RECENT_NATIONAL_PLAYER
EURO,2024,3375,Spain,548111,3375,15,2,15,false,2023-09-12,20031,3941389,CURRENT_NATIONAL_PLAYER
EURO,2024,3382,Belgium,548193,3382,26,1,2,false,2022-09-22,4328,3716472,CURRENT_NATIONAL_PLAYER
EURO,2024,3384,Switzerland,548729,3384,27,11,23,false,2022-09-27,3240,3716483,RECENT_NATIONAL_PLAYER
EURO,2024,3300,Portugal,549006,3300,20,2,14,false,2023-03-23,4328,3941666,CURRENT_NATIONAL_PLAYER
EURO,2024,3376,Italy,54906,3376,46,2,13,false,2014-05-31,521,2449276,FORMER_NATIONAL_PLAYER
EURO,2024,3442,Poland,550108,3442,34,4,21,false,2021-09-05,8369,3495292,CURRENT_NATIONAL_PLAYER
EURO,2024,3300,Portugal,550550,3300,24,10,9,false,2022-11-17,782,3926444,CURRENT_NATIONAL_PLAYER
EURO,2024,3445,Czechia,550829,3445,19,0,1,false,2024-03-26,3263,4317893,CURRENT_NATIONAL_PLAYER
EURO,2024,3262,Germany,55089,3262,11,0,1,false,2024-10-14,8402,4284252,CURRENT_NATIONAL_PLAYER
EURO,2024,3445,Czechia,552057,3445,41,4,9,false,2020-09-04,3354,3330642,RECENT_NATIONAL_PLAYER
EURO,2024,3375,Spain,553875,3375,16,0,12,false,2021-03-28,6499,3495205,CURRENT_NATIONAL_PLAYER
EURO,2024,3376,Italy,554903,3376,28,11,9,false,2023-03-23,524,3941430,CURRENT_NATIONAL_PLAYER
EURO,2024,3442,Poland,555057,3442,1,0,17,false,2024-11-15,3623,4284226,FORMER_NATIONAL_PLAYER
EURO,2024,3376,Italy,556385,3376,12,0,13,false,2023-10-14,517,3941433,RECENT_NATIONAL_PLAYER
EURO,2024,3379,Netherlands,557407,3379,2,0,15,false,2021-09-07,2029,3495390,FORMER_NATIONAL_PLAYER
EURO,2024,3379,Netherlands,557459,3379,19,1,15,false,2023-10-13,439,3941404,CURRENT_NATIONAL_PLAYER
EURO,2024,3669,Georgia,55972,3669,128,3,4,false,2009-04-01,526,940720,RECENT_NATIONAL_PLAYER
EURO,2024,3669,Georgia,55976,3669,79,0,1,false,2008-05-27,7057,1080796,RECENT_NATIONAL_PLAYER
EURO,2024,3381,Turkiye,563749,3381,9,0,19,false,2024-06-04,11795,4287477,CURRENT_NATIONAL_PLAYER
EURO,2024,3503,Slovakia,564120,3503,0,0,3,false,None,None,None,FORMER_NATIONAL_PLAYER
EURO,2024,3436,Denmark,564529,3436,18,0,17,false,2023-06-19,5372,3941572,FORMER_NATIONAL_PLAYER
EURO,2024,3379,Netherlands,565093,3379,27,0,1,false,2023-10-13,439,3941404,CURRENT_NATIONAL_PLAYER
EURO,2024,3382,Belgium,565424,3382,18,1,19,false,2023-03-24,30857,3941508,FORMER_NATIONAL_PLAYER
EURO,2024,3382,Belgium,565435,3382,4,0,8,false,2024-09-06,30857,4284239,FORMER_NATIONAL_PLAYER
EURO,2024,3468,Hungary,566155,3468,1,0,2,false,2024-10-14,16090,4284256,CURRENT_NATIONAL_PLAYER
EURO,2024,3377,France,566723,3377,15,4,11,false,2024-09-06,1229,4284240,CURRENT_NATIONAL_PLAYER
EURO,2024,3299,England,566799,3299,1,0,22,false,2026-03-27,7471,4827878,CURRENT_NATIONAL_PLAYER
EURO,2024,3379,Netherlands,566931,3379,34,6,7,false,2022-12-03,2029,3970160,CURRENT_NATIONAL_PLAYER
EURO,2024,3669,Georgia,566983,3669,2,0,18,false,2023-09-12,12806,3941400,FORMER_NATIONAL_PLAYER
EURO,2024,3380,Scotland,567129,3380,1,0,6,false,2025-06-09,2638,4541762,RECENT_NATIONAL_PLAYER
EURO,2024,3380,Scotland,567151,3380,1,0,20,false,2025-06-09,2638,4541762,RECENT_NATIONAL_PLAYER
EURO,2024,3375,Spain,568157,3375,21,4,11,false,2021-10-06,6499,3494366,CURRENT_NATIONAL_PLAYER
EURO,2024,3299,England,568177,3299,14,2,20,false,2023-11-17,3358,3941440,CURRENT_NATIONAL_PLAYER
EURO,2024,3503,Slovakia,568333,3503,19,1,5,false,2022-11-20,33804,3958537,CURRENT_NATIONAL_PLAYER
EURO,2024,3447,Romania,568540,3447,0,0,11,false,None,None,None,FORMER_NATIONAL_PLAYER
EURO,2024,3447,Romania,568544,3447,4,0,12,false,2022-11-20,22740,3889560,RECENT_NATIONAL_PLAYER
EURO,2024,3447,Romania,568559,3447,29,1,3,false,2022-03-25,22740,3772621,CURRENT_NATIONAL_PLAYER
EURO,2024,3447,Romania,568578,3447,0,0,23,false,None,None,None,FORMER_NATIONAL_PLAYER
EURO,2024,3447,Romania,568617,3447,0,0,16,false,2025-06-07,None,None,RECENT_NATIONAL_PLAYER
EURO,2024,3377,France,569598,3377,25,3,19,false,2022-09-22,1229,3716469,FORMER_NATIONAL_PLAYER
EURO,2024,3468,Hungary,57071,3468,58,0,12,false,2014-05-22,10436,2462860,RETIRED_NATIONAL_PLAYER
EURO,2024,3375,Spain,571020,3375,4,1,18,false,2023-10-12,20031,3941386,FORMER_NATIONAL_PLAYER
EURO,2024,3376,Italy,571604,3376,8,0,15,false,2022-06-14,524,3716467,CURRENT_NATIONAL_PLAYER
EURO,2024,3561,Albania,571743,3561,35,6,22,false,2020-09-07,3158,3330598,CURRENT_NATIONAL_PLAYER
EURO,2024,3376,Italy,572265,3376,5,0,17,false,2024-10-14,517,4284236,RECENT_NATIONAL_PLAYER
EURO,2024,3376,Italy,57280,3376,18,1,7,false,2013-05-31,521,2290981,FORMER_NATIONAL_PLAYER
EURO,2024,3436,Denmark,574385,3436,10,1,11,false,2021-09-01,5372,3495248,FORMER_NATIONAL_PLAYER
EURO,2024,3438,Serbia,574660,3438,20,1,16,false,2022-06-02,5528,3716488,CURRENT_NATIONAL_PLAYER
EURO,2024,3438,Serbia,574671,3438,54,5,3,false,2020-09-03,4481,3330635,CURRENT_NATIONAL_PLAYER
EURO,2024,3561,Albania,57598,3561,29,1,8,false,2019-09-07,3158,3149760,RETIRED_NATIONAL_PLAYER
EURO,2024,3379,Netherlands,576314,3379,10,0,3,false,2024-09-10,439,4352586,CURRENT_NATIONAL_PLAYER
EURO,2024,3588,Slovenia,577785,3588,3,0,5,false,2024-01-20,1519,4270810,RECENT_NATIONAL_PLAYER
EURO,2024,3262,Germany,578392,3262,7,0,9,false,2024-06-03,8402,4314085,RECENT_NATIONAL_PLAYER
EURO,2024,3384,Switzerland,579459,3384,1,0,3,false,2025-03-25,3240,4571974,FORMER_NATIONAL_PLAYER
EURO,2024,3262,Germany,580195,3262,40,8,10,false,2021-03-25,495,3495191,FORMER_NATIONAL_PLAYER
EURO,2024,3556,Croatia,580451,3556,17,1,16,false,2023-11-18,2711,3941457,CURRENT_NATIONAL_PLAYER
EURO,2024,3299,England,581678,3299,46,6,10,false,2020-11-12,3358,3486198,CURRENT_NATIONAL_PLAYER
EURO,2024,3503,Slovakia,582429,3503,1,0,25,false,2024-03-23,33804,4246904,FORMER_NATIONAL_PLAYER
EURO,2024,3561,Albania,582987,3561,3,0,6,false,2022-06-13,3158,3819553,RECENT_NATIONAL_PLAYER
EURO,2024,3384,Switzerland,583038,3384,0,0,12,false,None,None,None,RECENT_NATIONAL_PLAYER
EURO,2024,3561,Albania,583046,3561,4,0,16,false,2024-06-03,24104,4283788,RECENT_NATIONAL_PLAYER
EURO,2024,3262,Germany,58358,3262,131,45,13,false,2010-03-03,495,982185,RETIRED_NATIONAL_PLAYER
EURO,2024,3561,Albania,583917,3561,17,3,17,false,2021-11-15,3158,3495798,RECENT_NATIONAL_PLAYER
EURO,2024,3438,Serbia,585055,3438,4,0,13,false,2023-01-26,5528,4014362,RECENT_NATIONAL_PLAYER
EURO,2024,3375,Spain,58884,3375,29,1,4,false,2013-09-10,40,2447600,FORMER_NATIONAL_PLAYER
EURO,2024,3383,Austria,59082,3383,37,0,1,false,2012-06-01,531,2207011,FORMER_NATIONAL_PLAYER
EURO,2024,3383,Austria,59145,3383,16,2,24,false,2018-10-16,2450,3117089,FORMER_NATIONAL_PLAYER
EURO,2024,3375,Spain,591916,3375,1,0,18,false,2024-11-18,20031,4284259,FORMER_NATIONAL_PLAYER
EURO,2024,3561,Albania,597290,3561,2,0,16,false,2022-11-09,3158,3958370,FORMER_NATIONAL_PLAYER
EURO,2024,3383,Austria,597432,3383,5,0,14,false,2024-03-23,196,4246904,RECENT_NATIONAL_PLAYER
EURO,2024,3699,Ukraine,597880,3699,4,0,23,false,2021-11-11,21415,3696016,CURRENT_NATIONAL_PLAYER
EURO,2024,3262,Germany,598577,3262,39,10,17,false,2021-09-02,67,3495267,CURRENT_NATIONAL_PLAYER
EURO,2024,3699,Ukraine,59970,3699,87,4,6,false,2010-11-17,6648,1058263,FORMER_NATIONAL_PLAYER
EURO,2024,3300,Portugal,601883,3300,19,2,15,false,2021-10-09,782,3672821,CURRENT_NATIONAL_PLAYER
EURO,2024,3588,Slovenia,603368,3588,6,0,8,false,2024-11-14,1519,4284301,CURRENT_NATIONAL_PLAYER
EURO,2024,3556,Croatia,605268,3556,8,2,20,false,2024-09-05,2711,4284225,CURRENT_NATIONAL_PLAYER
EURO,2024,3300,Portugal,606718,3300,2,0,13,false,2023-11-16,4328,3941674,FORMER_NATIONAL_PLAYER
EURO,2024,3561,Albania,606967,3561,5,0,16,false,2023-09-07,24104,3941487,FORMER_NATIONAL_PLAYER
EURO,2024,3380,Scotland,60793,3380,20,0,20,false,2017-11-09,8268,2950828,FORMER_NATIONAL_PLAYER
EURO,2024,3384,Switzerland,608172,3384,6,0,14,false,2022-09-27,3240,3716483,CURRENT_NATIONAL_PLAYER
EURO,2024,3556,Croatia,610190,3556,2,0,12,false,2024-03-26,2711,4318587,FORMER_NATIONAL_PLAYER
EURO,2024,3436,Denmark,610442,3436,33,13,9,false,2022-09-22,5372,3716470,CURRENT_NATIONAL_PLAYER
EURO,2024,3445,Czechia,611049,3445,15,2,12,false,2024-06-07,3263,4347252,CURRENT_NATIONAL_PLAYER
EURO,2024,3381,Turkiye,613725,3381,31,1,16,false,2022-09-22,134,3716557,CURRENT_NATIONAL_PLAYER
EURO,2024,3299,England,614258,3299,5,0,6,false,2023-10-13,3358,4111267,RECENT_NATIONAL_PLAYER
EURO,2024,3447,Romania,614800,3447,8,0,17,false,2025-06-07,805,4510677,CURRENT_NATIONAL_PLAYER
EURO,2024,3438,Serbia,615302,3438,4,0,19,false,2023-01-26,5528,4014362,FORMER_NATIONAL_PLAYER
EURO,2024,3381,Turkiye,615350,3381,9,0,13,false,2022-06-07,134,3716543,FORMER_NATIONAL_PLAYER
EURO,2024,3447,Romania,615930,3447,0,0,20,false,None,None,None,FORMER_NATIONAL_PLAYER
EURO,2024,3300,Portugal,616341,3300,43,1,19,false,2021-03-24,782,3495170,CURRENT_NATIONAL_PLAYER
EURO,2024,3299,England,61651,3299,88,3,8,false,2010-11-17,518,1061625,CURRENT_NATIONAL_PLAYER
EURO,2024,3381,Turkiye,616894,3381,21,0,3,false,2022-06-07,134,3716543,CURRENT_NATIONAL_PLAYER
EURO,2024,3445,Czechia,620217,3445,12,1,4,false,2024-03-26,3263,4317893,CURRENT_NATIONAL_PLAYER
EURO,2024,3382,Belgium,620598,3382,6,0,3,false,2023-06-17,30857,3941499,FORMER_NATIONAL_PLAYER
EURO,2024,3382,Belgium,621802,3382,3,0,16,false,2023-06-20,30857,3941506,FORMER_NATIONAL_PLAYER
EURO,2024,3380,Scotland,621997,3380,1,0,21,false,2025-06-06,2638,4610713,RECENT_NATIONAL_PLAYER
EURO,2024,3699,Ukraine,623325,3699,34,4,17,false,2021-05-23,45350,3514162,CURRENT_NATIONAL_PLAYER
EURO,2024,3588,Slovenia,624030,3588,1,0,8,false,2024-01-20,1519,4270810,FORMER_NATIONAL_PLAYER
EURO,2024,3377,France,624690,3377,12,0,8,false,2024-09-06,1229,4284240,RECENT_NATIONAL_PLAYER
EURO,2024,3561,Albania,626301,3561,6,0,7,false,2025-03-21,24104,4510693,CURRENT_NATIONAL_PLAYER
EURO,2024,3588,Slovenia,627442,3588,45,16,11,false,2021-06-01,1519,3577074,CURRENT_NATIONAL_PLAYER
EURO,2024,3699,Ukraine,631821,3699,17,2,19,false,2023-06-12,10892,4064886,CURRENT_NATIONAL_PLAYER
EURO,2024,3299,England,632349,3299,1,0,3,false,2025-11-16,7471,4510817,RECENT_NATIONAL_PLAYER
EURO,2024,3468,Hungary,633056,3468,9,0,8,false,2024-09-07,16090,4284253,RECENT_NATIONAL_PLAYER
EURO,2024,3384,Switzerland,635645,3384,6,0,26,false,2024-11-15,3240,4284266,CURRENT_NATIONAL_PLAYER
EURO,2024,3375,Spain,636695,3375,2,0,16,false,2024-11-15,20031,4284261,FORMER_NATIONAL_PLAYER
EURO,2024,3375,Spain,636703,3375,7,0,22,false,2024-06-05,20031,4347242,CURRENT_NATIONAL_PLAYER
EURO,2024,3377,France,640428,3377,29,2,6,false,2020-09-08,1229,3330697,CURRENT_NATIONAL_PLAYER
EURO,2024,3447,Romania,64126,3447,51,6,8,false,2011-08-10,3702,1142574,RECENT_NATIONAL_PLAYER
EURO,2024,3381,Turkiye,645774,3381,0,0,21,false,None,None,None,FORMER_NATIONAL_PLAYER
EURO,2024,3436,Denmark,646478,3436,3,0,26,false,2023-10-17,5372,3941591,FORMER_NATIONAL_PLAYER
EURO,2024,3468,Hungary,648895,3468,3,1,13,false,2024-11-19,16090,4284250,RECENT_NATIONAL_PLAYER
EURO,2024,3300,Portugal,650568,3300,20,0,4,false,2022-11-17,782,3926444,CURRENT_NATIONAL_PLAYER
EURO,2024,3445,Czechia,652054,3445,9,0,6,false,2023-11-20,3354,3941489,CURRENT_NATIONAL_PLAYER
EURO,2024,3380,Scotland,652632,3380,4,0,22,false,2025-03-20,2638,4498058,RECENT_NATIONAL_PLAYER
EURO,2024,3382,Belgium,654991,3382,0,0,15,false,None,None,None,FORMER_NATIONAL_PLAYER
EURO,2024,3300,Portugal,657430,3300,4,0,6,false,2024-10-12,4328,4284229,CURRENT_NATIONAL_PLAYER
EURO,2024,3699,Ukraine,659089,3699,57,3,13,false,2020-10-07,45350,3450812,CURRENT_NATIONAL_PLAYER
EURO,2024,3561,Albania,66005,3561,51,1,22,false,2013-08-14,529,2361385,FORMER_NATIONAL_PLAYER
EURO,2024,3588,Slovenia,660544,3588,3,0,4,false,2024-01-20,1519,4270810,CURRENT_NATIONAL_PLAYER
EURO,2024,3588,Slovenia,660545,3588,3,0,24,false,2024-01-20,1519,4270810,CURRENT_NATIONAL_PLAYER
EURO,2024,3299,England,661053,3299,1,0,14,false,2024-06-03,3358,4295673,FORMER_NATIONAL_PLAYER
EURO,2024,3381,Turkiye,662131,3381,0,0,13,false,None,None,None,CURRENT_NATIONAL_PLAYER
EURO,2024,3300,Portugal,663244,3300,2,0,11,false,2024-03-21,4328,4283884,FORMER_NATIONAL_PLAYER
EURO,2024,3445,Czechia,665538,3445,1,0,5,false,2024-03-26,3263,4317893,FORMER_NATIONAL_PLAYER
EURO,2024,3556,Croatia,668207,3556,15,1,17,false,2024-09-05,2711,4284225,CURRENT_NATIONAL_PLAYER
EURO,2024,3699,Ukraine,668557,3699,8,0,22,false,2024-03-21,10892,4231219,RECENT_NATIONAL_PLAYER
EURO,2024,3699,Ukraine,669306,3699,9,0,6,false,2024-03-21,10892,4231219,RECENT_NATIONAL_PLAYER
EURO,2024,3300,Portugal,670681,3300,21,3,15,false,2023-10-16,4328,3941661,CURRENT_NATIONAL_PLAYER
EURO,2024,3299,England,670858,3299,4,0,12,false,2024-11-14,21242,4284291,CURRENT_NATIONAL_PLAYER
EURO,2024,3381,Turkiye,672803,3381,5,2,10,false,2023-09-08,134,3941466,FORMER_NATIONAL_PLAYER
EURO,2024,3561,Albania,675857,3561,5,0,13,false,2024-10-11,24104,4284271,RECENT_NATIONAL_PLAYER
EURO,2024,3384,Switzerland,68033,3384,56,11,14,false,2017-03-25,1315,2643504,FORMER_NATIONAL_PLAYER
EURO,2024,3375,Spain,683840,3375,40,5,20,false,2021-03-25,6499,3495181,CURRENT_NATIONAL_PLAYER
EURO,2024,3699,Ukraine,69015,3699,125,46,7,false,2009-09-05,5720,971757,FORMER_NATIONAL_PLAYER
EURO,2024,3436,Denmark,69633,3436,149,46,10,false,2010-03-03,179,991686,CURRENT_NATIONAL_PLAYER
EURO,2024,3442,Poland,699418,3442,1,0,6,false,2024-06-07,3623,4311401,FORMER_NATIONAL_PLAYER
EURO,2024,3442,Poland,699442,3442,11,0,26,false,2024-06-07,3623,4311401,FORMER_NATIONAL_PLAYER
EURO,2024,3442,Poland,699488,3442,1,1,20,false,2024-11-15,3623,4284226,FORMER_NATIONAL_PLAYER
EURO,2024,3262,Germany,700106,3262,0,0,9,false,None,None,None,FORMER_NATIONAL_PLAYER
EURO,2024,3436,Denmark,701055,3436,1,0,18,false,2025-06-10,8264,4617443,RECENT_NATIONAL_PLAYER
EURO,2024,3299,England,701057,3299,5,0,3,false,2023-11-20,3358,3941442,FORMER_NATIONAL_PLAYER
EURO,2024,3503,Slovakia,704979,3503,0,0,14,false,None,None,None,FORMER_NATIONAL_PLAYER
EURO,2024,3382,Belgium,707844,3382,1,0,27,false,2023-10-13,30857,3941503,FORMER_NATIONAL_PLAYER
EURO,2024,3376,Italy,708072,3376,0,0,2,false,None,None,None,FORMER_NATIONAL_PLAYER
EURO,2024,3377,France,708265,3377,18,3,20,false,2024-06-05,1229,4347241,RECENT_NATIONAL_PLAYER
EURO,2024,3375,Spain,709187,3375,30,6,17,false,2022-09-24,6499,3716475,RECENT_NATIONAL_PLAYER
EURO,2024,3442,Poland,71019,3442,15,0,2,false,2013-03-26,2469,2262072,FORMER_NATIONAL_PLAYER
EURO,2024,3503,Slovakia,710886,3503,11,0,18,false,2024-03-26,33804,4319861,CURRENT_NATIONAL_PLAYER
EURO,2024,3438,Serbia,710969,3438,1,0,21,false,2024-03-25,5528,4287149,FORMER_NATIONAL_PLAYER
EURO,2024,3375,Spain,713644,3375,3,1,15,false,2023-10-12,20031,3941386,FORMER_NATIONAL_PLAYER
EURO,2024,3699,Ukraine,717411,3699,9,0,6,false,2025-03-20,10892,4498056,CURRENT_NATIONAL_PLAYER
EURO,2024,3380,Scotland,719673,3380,12,1,17,false,2024-09-05,2638,4284233,RECENT_NATIONAL_PLAYER
EURO,2024,3468,Hungary,721666,3468,2,0,24,false,2022-06-07,16090,3716451,FORMER_NATIONAL_PLAYER
EURO,2024,3588,Slovenia,722375,3588,1,0,3,false,2024-01-20,1519,4270810,FORMER_NATIONAL_PLAYER
EURO,2024,3445,Czechia,724025,3445,1,0,8,false,2025-03-22,3263,4510699,FORMER_NATIONAL_PLAYER
EURO,2024,3262,Germany,72476,3262,9,0,12,false,2016-05-29,495,2660263,FORMER_NATIONAL_PLAYER
EURO,2024,3445,Czechia,725912,3445,0,0,16,false,None,None,None,FORMER_NATIONAL_PLAYER
EURO,2024,3561,Albania,726114,3561,30,0,3,false,2021-03-31,3158,3495241,CURRENT_NATIONAL_PLAYER
EURO,2024,3561,Albania,726120,3561,1,0,12,false,2025-09-04,24104,4679753,RECENT_NATIONAL_PLAYER
EURO,2024,3438,Serbia,726526,3438,10,0,20,false,2022-09-24,5528,3716524,RECENT_NATIONAL_PLAYER
EURO,2024,3445,Czechia,726714,3445,4,1,26,false,2024-03-26,3263,4317893,FORMER_NATIONAL_PLAYER
EURO,2024,3503,Slovakia,728679,3503,12,2,19,false,2024-06-05,33804,4347238,CURRENT_NATIONAL_PLAYER
EURO,2024,3669,Georgia,729814,3669,43,23,22,false,2021-03-25,12806,3495182,CURRENT_NATIONAL_PLAYER
EURO,2024,3377,France,730581,3377,1,0,4,false,2025-06-08,1229,4498089,RECENT_NATIONAL_PLAYER
EURO,2024,3468,Hungary,730861,3468,31,0,11,false,2022-09-23,16090,3716474,CURRENT_NATIONAL_PLAYER
EURO,2024,3588,Slovenia,73090,3588,21,0,12,false,2014-06-07,3632,2522998,FORMER_NATIONAL_PLAYER
EURO,2024,3375,Spain,74230,3375,27,9,17,false,2019-09-05,20727,3149423,FORMER_NATIONAL_PLAYER
EURO,2024,3438,Serbia,74294,3438,75,1,6,false,2014-03-05,6270,2445501,CURRENT_NATIONAL_PLAYER
EURO,2024,3382,Belgium,743386,3382,5,1,19,false,2024-10-10,30857,4284234,RECENT_NATIONAL_PLAYER
EURO,2024,3299,England,744149,3299,4,0,25,false,2024-06-03,3358,4295673,CURRENT_NATIONAL_PLAYER
EURO,2024,3376,Italy,746712,3376,0,0,3,false,None,None,None,FORMER_NATIONAL_PLAYER
EURO,2024,3262,Germany,74857,3262,44,0,1,false,2012-05-26,495,1179872,RECENT_NATIONAL_PLAYER
EURO,2024,3699,Ukraine,748939,3699,2,0,4,false,2024-11-19,10892,4284277,FORMER_NATIONAL_PLAYER
EURO,2024,3503,Slovakia,74943,3503,112,14,19,false,2008-11-19,2707,930130,RETIRED_NATIONAL_PLAYER
EURO,2024,3503,Slovakia,74960,3503,60,0,1,false,2014-05-23,9865,2506914,CURRENT_NATIONAL_PLAYER
EURO,2024,3380,Scotland,75067,3380,19,0,16,false,2019-09-06,2638,3149801,FORMER_NATIONAL_PLAYER
EURO,2024,3262,Germany,75489,3262,24,14,9,false,2022-11-16,67,3931935,RECENT_NATIONAL_PLAYER
EURO,2024,3375,Spain,775605,3375,4,0,15,false,2024-11-18,20031,4284259,RECENT_NATIONAL_PLAYER
EURO,2024,3382,Belgium,77757,3382,1,0,12,false,2024-03-23,30857,4282796,FORMER_NATIONAL_PLAYER
EURO,2024,3561,Albania,77825,3561,80,0,1,true,2012-05-27,529,2211221,FORMER_NATIONAL_PLAYER
EURO,2024,3262,Germany,792380,3262,9,1,5,false,2024-06-03,8402,4314085,RECENT_NATIONAL_PLAYER
EURO,2024,3588,Slovenia,793476,3588,3,1,14,false,2024-01-20,1519,4270810,RECENT_NATIONAL_PLAYER
EURO,2024,3438,Serbia,797570,3438,0,0,21,false,None,None,None,RECENT_NATIONAL_PLAYER
EURO,2024,3438,Serbia,800948,3438,6,0,18,false,2024-09-05,5528,4284267,RECENT_NATIONAL_PLAYER
EURO,2024,3380,Scotland,801426,3380,8,0,11,false,2024-06-07,2638,4319288,CURRENT_NATIONAL_PLAYER
EURO,2024,3503,Slovakia,802836,3503,1,0,25,false,2024-06-05,33804,4347238,FORMER_NATIONAL_PLAYER
EURO,2024,3382,Belgium,802997,3382,1,0,22,false,2024-11-17,30857,4284244,FORMER_NATIONAL_PLAYER
EURO,2024,3588,Slovenia,80351,3588,86,17,7,false,2010-08-11,1519,1032444,FORMER_NATIONAL_PLAYER
EURO,2024,3447,Romania,804134,3447,5,0,3,false,2024-03-22,22740,4289274,RECENT_NATIONAL_PLAYER
EURO,2024,3300,Portugal,805714,3300,11,1,13,false,2024-10-12,4328,4284229,CURRENT_NATIONAL_PLAYER
EURO,2024,3442,Poland,80894,3442,20,0,1,false,2012-12-14,2469,2283690,RECENT_NATIONAL_PLAYER
EURO,2024,3377,France,810092,3377,10,1,18,false,2023-11-18,1229,3941414,CURRENT_NATIONAL_PLAYER
EURO,2024,3262,Germany,81173,3262,0,0,22,false,None,None,None,FORMER_NATIONAL_PLAYER
EURO,2024,3376,Italy,813137,3376,2,0,23,false,2024-10-10,517,4284234,CURRENT_NATIONAL_PLAYER
EURO,2024,3447,Romania,81396,3447,45,6,7,false,2015-10-11,2107,2429568,RECENT_NATIONAL_PLAYER
EURO,2024,3300,Portugal,816580,3300,0,0,14,false,None,None,None,FORMER_NATIONAL_PLAYER
EURO,2024,3381,Turkiye,816585,3381,4,0,22,false,2024-03-22,11795,4283987,RECENT_NATIONAL_PLAYER
EURO,2024,3382,Belgium,819215,3382,2,0,14,false,2024-09-06,30857,4284239,FORMER_NATIONAL_PLAYER
EURO,2024,3300,Portugal,8198,3300,226,143,7,false,2003-08-20,1068,2266024,RECENT_NATIONAL_PLAYER
EURO,2024,3375,Spain,81999,3375,17,6,9,false,2023-03-25,20031,3941387,FORMER_NATIONAL_PLAYER
EURO,2024,3299,England,820374,3299,12,0,18,false,2024-03-23,3358,4317996,CURRENT_NATIONAL_PLAYER
EURO,2024,3588,Slovenia,822074,3588,1,0,7,false,2024-01-20,1519,4270810,FORMER_NATIONAL_PLAYER
EURO,2024,3377,France,82442,3377,137,57,9,false,2011-11-11,4589,1165706,RETIRED_NATIONAL_PLAYER
EURO,2024,3262,Germany,82873,3262,18,1,5,false,2023-09-09,67,4082538,CURRENT_NATIONAL_PLAYER
EURO,2024,3468,Hungary,830057,3468,1,0,5,false,2025-06-06,16090,4619037,RECENT_NATIONAL_PLAYER
EURO,2024,3381,Turkiye,845654,3381,28,5,11,false,2023-10-12,11795,3941452,CURRENT_NATIONAL_PLAYER
EURO,2024,3438,Serbia,846254,3438,3,0,18,false,2023-10-14,5528,3941520,CURRENT_NATIONAL_PLAYER
EURO,2024,3438,Serbia,848682,3438,9,0,15,false,2024-09-05,5528,4284267,CURRENT_NATIONAL_PLAYER
EURO,2024,3438,Serbia,849865,3438,1,0,18,false,2024-11-18,5528,4284268,FORMER_NATIONAL_PLAYER
EURO,2024,3380,Scotland,84992,3380,39,5,25,false,2011-05-29,625,1107323,FORMER_NATIONAL_PLAYER
EURO,2024,3561,Albania,85295,3561,24,0,2,false,2017-10-06,23364,2644431,CURRENT_NATIONAL_PLAYER
EURO,2024,3383,Austria,85791,3383,39,2,20,false,2017-03-28,531,2840020,FORMER_NATIONAL_PLAYER
EURO,2024,3588,Slovenia,85825,3588,96,2,14,false,2012-05-26,2440,1186045,FORMER_NATIONAL_PLAYER
EURO,2024,3262,Germany,85941,3262,0,0,21,false,None,None,None,FORMER_NATIONAL_PLAYER
EURO,2024,3381,Turkiye,861410,3381,28,6,8,false,2022-11-19,134,3941385,CURRENT_NATIONAL_PLAYER
EURO,2024,3262,Germany,86202,3262,82,3,2,false,2014-05-13,495,2383372,CURRENT_NATIONAL_PLAYER
EURO,2024,3442,Poland,863204,3442,2,0,20,false,2024-10-12,3623,4284229,RECENT_NATIONAL_PLAYER
EURO,2024,3384,Switzerland,86784,3384,136,9,13,false,2011-10-07,92,1143865,CURRENT_NATIONAL_PLAYER
EURO,2024,3384,Switzerland,86792,3384,125,32,23,false,2010-03-03,92,1000759,RETIRED_NATIONAL_PLAYER
EURO,2024,3381,Turkiye,875334,3381,4,0,20,false,2024-06-04,11795,4287477,FORMER_NATIONAL_PLAYER
EURO,2024,3382,Belgium,88755,3382,117,36,7,false,2010-08-11,1752,1029793,CURRENT_NATIONAL_PLAYER
EURO,2024,3669,Georgia,900486,3669,2,0,19,false,2023-03-25,12806,4024576,FORMER_NATIONAL_PLAYER
EURO,2024,3379,Netherlands,904802,3379,7,0,25,false,2023-11-21,439,3941411,CURRENT_NATIONAL_PLAYER
EURO,2024,3669,Georgia,906160,3669,8,0,5,false,2024-09-07,12806,4284279,CURRENT_NATIONAL_PLAYER
EURO,2024,3436,Denmark,91849,3436,81,8,8,false,2013-10-15,179,2262606,RETIRED_NATIONAL_PLAYER
EURO,2024,3503,Slovakia,92180,3503,81,16,20,false,2013-02-06,8137,2294277,FORMER_NATIONAL_PLAYER
EURO,2024,3468,Hungary,923915,3468,0,0,2,false,None,None,None,FORMER_NATIONAL_PLAYER
EURO,2024,3382,Belgium,926694,3382,6,0,7,false,2023-10-13,30857,3941503,FORMER_NATIONAL_PLAYER
EURO,2024,3436,Denmark,926952,3436,12,3,17,false,2024-09-05,43845,4284262,RECENT_NATIONAL_PLAYER
EURO,2024,3468,Hungary,93740,3468,66,6,6,false,2018-10-12,16090,2996534,CURRENT_NATIONAL_PLAYER
EURO,2024,3375,Spain,937958,3375,25,6,19,false,2023-09-08,20031,3941392,CURRENT_NATIONAL_PLAYER
EURO,2024,3438,Serbia,942738,3438,0,0,22,false,None,None,None,FORMER_NATIONAL_PLAYER
EURO,2024,3376,Italy,94529,3376,32,7,22,false,2012-08-15,521,2236727,FORMER_NATIONAL_PLAYER
EURO,2024,3438,Serbia,952779,3438,8,0,22,false,2024-10-12,5528,4284269,RECENT_NATIONAL_PLAYER
EURO,2024,3299,England,95424,3299,96,1,2,false,2011-11-12,518,1160720,RECENT_NATIONAL_PLAYER
EURO,2024,3299,England,95810,3299,54,1,12,false,2017-06-13,3358,2862083,RETIRED_NATIONAL_PLAYER
EURO,2024,3375,Spain,962110,3375,11,0,4,false,2024-03-22,20031,4317768,CURRENT_NATIONAL_PLAYER
EURO,2024,3382,Belgium,96341,3382,124,89,10,false,2010-03-03,3,999580,RECENT_NATIONAL_PLAYER
EURO,2024,3380,Scotland,98067,3380,4,0,21,false,2023-10-17,2638,4198454,RECENT_NATIONAL_PLAYER
EURO,2024,3561,Albania,99047,3561,59,13,16,false,2014-05-31,529,2452062,RETIRED_NATIONAL_PLAYER
EURO,2024,3375,Spain,991268,3375,4,0,19,false,2024-11-18,20031,4284259,RECENT_NATIONAL_PLAYER
EURO,2024,3442,Poland,991779,3442,0,0,5,false,None,None,None,FORMER_NATIONAL_PLAYER
EURO,2024,3436,Denmark,99331,3436,59,3,3,false,2013-08-14,179,2361422,RETIRED_NATIONAL_PLAYER
